"","Tree Number","Site","Seed Zone","Measurement.Year","Date Measured","Tree Height (cm)","Tree Diameter (mm)","Health","Comment","Date Planted","Temp Tree Number","New Tree Number","Elk Browse","Planted Growth Days","Final.Health"
"1",1,"Seattle","OR",2022,2022-01-31,70.5,8,"Alive",NA,2022-02-08,1,75,"N",-8,"Alive"
"2",1,"Seattle","OR",2023,2023-04-06,87,14.7,"Alive",NA,2022-02-08,1,75,"N",422,"Alive"
"3",1,"Seattle","OR",2024,2024-06-17,147,31.8,"Alive","Black spots on leaves",2022-02-08,1,75,"N",860,"Alive"
"4",1,"Seattle","OR",2025,2025-06-11,185,50.4,"Alive",NA,2022-02-08,1,75,"N",1219,"Alive"
"5",1,"Seattle","OR",2026,2026-05-01,209,57.35,"Alive",NA,2022-02-08,1,75,"N",1543,"Alive"
"6",1,"Seattle","WA",2022,2022-01-31,101.5,10.4,"Alive",NA,2022-02-08,246,69,"N",-8,"Alive"
"7",1,"Seattle","WA",2023,2023-04-06,104,17.8,"Alive",NA,2022-02-08,246,69,"N",422,"Alive"
"8",1,"Seattle","WA",2024,2024-06-17,130,27.5,"Alive",NA,2022-02-08,246,69,"N",860,"Alive"
"9",1,"Seattle","WA",2025,2025-06-11,179,35.6,"Alive",NA,2022-02-08,246,69,"N",1219,"Alive"
"10",1,"Seattle","WA",2026,2026-05-01,209,41.52,"Alive",NA,2022-02-08,246,69,"N",1543,"Alive"
"11",2,"Seattle","OR",2022,2022-01-31,70.5,7.5,"Alive",NA,2022-02-08,2,NA,"N",-8,"Missing"
"12",2,"Seattle","OR",2023,2023-04-06,NA,NA,"Missing",NA,2022-02-08,2,NA,"N",422,"Missing"
"13",2,"Seattle","OR",2024,2024-06-17,NA,NA,"Missing",NA,2022-02-08,2,NA,"N",860,"Missing"
"14",2,"Seattle","OR",2025,2025-06-11,NA,NA,"Missing",NA,2022-02-08,2,NA,"N",1219,"Missing"
"15",2,"Seattle","WA",2022,2022-01-31,76.4,5.9,"Alive",NA,2022-02-08,247,70,"N",-8,"Alive"
"16",2,"Seattle","WA",2023,2023-04-06,82,13.9,"Alive",NA,2022-02-08,247,70,"N",422,"Alive"
"17",2,"Seattle","WA",2024,2024-06-17,110,21.3,"Alive",NA,2022-02-08,247,70,"N",860,"Alive"
"18",2,"Seattle","WA",2025,2025-06-11,135,30.2,"Alive","Rust spots on leaves, some yellowing",2022-02-08,247,70,"N",1219,"Alive"
"19",2,"Seattle","WA",2026,2026-05-01,153,32.07,"Alive",NA,2022-02-08,247,70,"N",1543,"Alive"
"20",3,"Seattle","OR",2022,2022-01-31,79.5,8.2,"Alive",NA,2022-02-08,3,76,"N",-8,"Alive"
"21",3,"Seattle","OR",2023,2023-04-06,86,13.8,"Alive",NA,2022-02-08,3,76,"N",422,"Alive"
"22",3,"Seattle","OR",2024,2024-06-17,123,22.2,"Alive",NA,2022-02-08,3,76,"N",860,"Alive"
"23",3,"Seattle","OR",2025,2025-06-11,189,47,"Alive",NA,2022-02-08,3,76,"N",1219,"Alive"
"24",3,"Seattle","OR",2026,2026-05-01,201,46.04,"Alive",NA,2022-02-08,3,76,"N",1543,"Alive"
"25",3,"Seattle","WA",2022,2022-01-31,97.2,7.8,"Alive",NA,2022-02-08,248,71,"N",-8,"Alive"
"26",3,"Seattle","WA",2023,2023-04-06,105,15.2,"Alive",NA,2022-02-08,248,71,"N",422,"Alive"
"27",3,"Seattle","WA",2024,2024-06-17,145,31,"Alive",NA,2022-02-08,248,71,"N",860,"Alive"
"28",3,"Seattle","WA",2025,2025-06-11,205,50.3,"Alive",NA,2022-02-08,248,71,"N",1219,"Alive"
"29",3,"Seattle","WA",2026,2026-05-01,214,51.24,"Alive",NA,2022-02-08,248,71,"N",1543,"Alive"
"30",4,"Seattle","OR",2022,2022-01-31,70.9,9.4,"Alive",NA,2022-02-08,4,77,"N",-8,"Alive"
"31",4,"Seattle","OR",2023,2023-04-06,70,14.2,"Alive","2 leaders",2022-02-08,4,77,"N",422,"Alive"
"32",4,"Seattle","OR",2024,2024-06-17,114,27.6,"Alive",NA,2022-02-08,4,77,"N",860,"Alive"
"33",4,"Seattle","OR",2025,2025-06-11,179,43.5,"Alive",NA,2022-02-08,4,77,"N",1219,"Alive"
"34",4,"Seattle","OR",2026,2026-05-01,202,50.94,"Alive",NA,2022-02-08,4,77,"N",1543,"Alive"
"35",4,"Seattle","WA",2022,2022-01-31,97.6,9.4,"Alive",NA,2022-02-08,249,72,"N",-8,"Alive"
"36",4,"Seattle","WA",2023,2023-04-06,102,15.6,"Alive",NA,2022-02-08,249,72,"N",422,"Alive"
"37",4,"Seattle","WA",2024,2024-06-17,135,28.6,"Alive",NA,2022-02-08,249,72,"N",860,"Alive"
"38",4,"Seattle","WA",2025,2025-06-11,191,48.4,"Alive",NA,2022-02-08,249,72,"N",1219,"Alive"
"39",4,"Seattle","WA",2026,2026-05-01,220,51.4,"Alive","browsed slightly in middle",2022-02-08,249,72,"Y",1543,"Alive"
"40",5,"Seattle","OR",2022,2022-01-31,66.4,7.3,"Alive",NA,2022-02-08,5,NA,"N",-8,"Dead"
"41",5,"Seattle","OR",2023,2023-04-06,97,10.6,"Dead",NA,2022-02-08,5,NA,"N",422,"Dead"
"42",5,"Seattle","OR",2024,2024-06-17,NA,NA,"Dead",NA,2022-02-08,5,NA,"N",860,"Dead"
"43",5,"Seattle","OR",2025,2025-06-11,NA,NA,"Dead",NA,2022-02-08,5,NA,"N",1219,"Dead"
"44",5,"Seattle","WA",2022,2022-01-31,92.2,10.4,"Alive",NA,2022-02-08,250,73,"N",-8,"Alive"
"45",5,"Seattle","WA",2023,2023-04-06,93,16.7,"Alive",NA,2022-02-08,250,73,"N",422,"Alive"
"46",5,"Seattle","WA",2024,2024-06-17,135,27.2,"Alive",NA,2022-02-08,250,73,"N",860,"Alive"
"47",5,"Seattle","WA",2025,2025-06-11,183,44.5,"Alive",NA,2022-02-08,250,73,"N",1219,"Alive"
"48",5,"Seattle","WA",2026,2026-05-01,215,50.21,"Alive",NA,2022-02-08,250,73,"N",1543,"Alive"
"49",6,"Seattle","OR",2022,2022-01-31,60.6,6.1,"Alive",NA,2022-02-08,6,NA,"N",-8,"Dead"
"50",6,"Seattle","OR",2023,2023-04-06,64,13,"Alive","many leaf sprouts at base",2022-02-08,6,NA,"N",422,"Dead"
"51",6,"Seattle","OR",2024,2024-06-17,NA,NA,"Dead",NA,2022-02-08,6,NA,"N",860,"Dead"
"52",6,"Seattle","OR",2025,2025-06-11,NA,NA,"Dead",NA,2022-02-08,6,NA,"N",1219,"Dead"
"53",6,"Seattle","WA",2022,2022-01-31,97.2,8.7,"Alive",NA,2022-02-08,251,74,"N",-8,"Alive"
"54",6,"Seattle","WA",2023,2023-04-06,99,16,"Alive",NA,2022-02-08,251,74,"N",422,"Alive"
"55",6,"Seattle","WA",2024,2024-06-17,148,37.1,"Alive",NA,2022-02-08,251,74,"N",860,"Alive"
"56",6,"Seattle","WA",2025,2025-06-11,198,56,"Alive",NA,2022-02-08,251,74,"N",1219,"Alive"
"57",6,"Seattle","WA",2026,2026-05-01,212,58.21,"Alive",NA,2022-02-08,251,74,"N",1543,"Alive"
"58",7,"Seattle","OR",2022,2022-01-31,83,9,"Alive","tree has slight angle at base",2022-02-08,7,78,"N",-8,"Alive"
"59",7,"Seattle","OR",2023,2023-04-06,76,13.2,"Alive",NA,2022-02-08,7,78,"N",422,"Alive"
"60",7,"Seattle","OR",2024,2024-06-17,110,23,"Alive",NA,2022-02-08,7,78,"N",860,"Alive"
"61",7,"Seattle","OR",2025,2025-06-11,156,31.4,"Alive","Flagging",2022-02-08,7,78,"N",1219,"Alive"
"62",7,"Seattle","OR",2026,2026-05-01,181,38.35,"Alive","minor flagging",2022-02-08,7,78,"N",1543,"Alive"
"63",7,"Seattle","WA",2022,2022-01-31,92.2,6.7,"Alive",NA,2022-02-08,252,NA,"N",-8,"Dead"
"64",7,"Seattle","WA",2023,2023-04-06,96,9.2,"Alive",NA,2022-02-08,252,NA,"N",422,"Dead"
"65",7,"Seattle","WA",2024,2024-06-17,94,7.8,"Dead",NA,2022-02-08,252,NA,"N",860,"Dead"
"66",7,"Seattle","WA",2025,2025-06-11,NA,NA,"Dead",NA,2022-02-08,252,NA,"N",1219,"Dead"
"67",8,"Seattle","OR",2022,2022-01-31,90.4,9.6,"Alive",NA,2022-02-08,8,79,"N",-8,"Alive"
"68",8,"Seattle","OR",2023,2023-04-06,86,13.9,"Alive",NA,2022-02-08,8,79,"N",422,"Alive"
"69",8,"Seattle","OR",2024,2024-06-17,171,32.9,"Alive",NA,2022-02-08,8,79,"N",860,"Alive"
"70",8,"Seattle","OR",2025,2025-06-11,212,51.7,"Alive",NA,2022-02-08,8,79,"N",1219,"Alive"
"71",8,"Seattle","OR",2026,2026-05-01,214,55.71,"Alive",NA,2022-02-08,8,79,"N",1543,"Alive"
"72",8,"Seattle","WA",2022,2022-01-31,95.2,10.4,"Alive",NA,2022-02-08,253,NA,"N",-8,"Missing"
"73",8,"Seattle","WA",2023,2023-04-06,NA,NA,"Missing",NA,2022-02-08,253,NA,"N",422,"Missing"
"74",8,"Seattle","WA",2024,2024-06-17,NA,NA,"Missing",NA,2022-02-08,253,NA,"N",860,"Missing"
"75",8,"Seattle","WA",2025,2025-06-11,NA,NA,"Missing",NA,2022-02-08,253,NA,"N",1219,"Missing"
"76",9,"Seattle","OR",2022,2022-01-31,82,8.5,"Alive","very slight angle at base",2022-02-08,9,88,"N",-8,"Alive"
"77",9,"Seattle","OR",2023,2023-04-06,93,14.4,"Alive",NA,2022-02-08,9,88,"N",422,"Alive"
"78",9,"Seattle","OR",2024,2024-06-17,124,20.7,"Alive","Wound on stem",2022-02-08,9,88,"N",860,"Alive"
"79",9,"Seattle","OR",2025,2025-06-11,142,39.5,"Alive",NA,2022-02-08,9,88,"N",1219,"Alive"
"80",9,"Seattle","OR",2026,2026-05-01,172,45.09,"Alive","mechanical damage (prev yrs)",2022-02-08,9,88,"N",1543,"Alive"
"81",9,"Seattle","WA",2022,2022-01-31,95,8.6,"Alive",NA,2022-02-08,254,80,"N",-8,"Alive"
"82",9,"Seattle","WA",2023,2023-04-06,111,13.7,"Alive",NA,2022-02-08,254,80,"N",422,"Alive"
"83",9,"Seattle","WA",2024,2024-06-17,149,30.7,"Alive",NA,2022-02-08,254,80,"N",860,"Alive"
"84",9,"Seattle","WA",2025,2025-06-11,208,48,"Alive",NA,2022-02-08,254,80,"N",1219,"Alive"
"85",9,"Seattle","WA",2026,2026-05-01,233,58.78,"Alive","minor flagging",2022-02-08,254,80,"N",1543,"Alive"
"86",10,"Seattle","OR",2022,2022-01-31,94,10.1,"Alive",NA,2022-02-08,10,NA,"N",-8,"Missing"
"87",10,"Seattle","OR",2023,2023-04-06,NA,NA,"Missing",NA,2022-02-08,10,NA,"N",422,"Missing"
"88",10,"Seattle","OR",2024,2024-06-17,NA,NA,"Missing",NA,2022-02-08,10,NA,"N",860,"Missing"
"89",10,"Seattle","OR",2025,2025-06-11,NA,NA,"Missing",NA,2022-02-08,10,NA,"N",1219,"Missing"
"90",10,"Seattle","WA",2022,2022-01-31,98.4,9,"Alive",NA,2022-02-08,255,81,"N",-8,"Alive"
"91",10,"Seattle","WA",2023,2023-04-06,100,11.7,"Alive",NA,2022-02-08,255,81,"N",422,"Alive"
"92",10,"Seattle","WA",2024,2024-06-17,148,24.6,"Alive",NA,2022-02-08,255,81,"N",860,"Alive"
"93",10,"Seattle","WA",2025,2025-06-11,197,43,"Alive",NA,2022-02-08,255,81,"N",1219,"Alive"
"94",10,"Seattle","WA",2026,2026-05-01,220,45.9,"Alive","epicormic sprouting",2022-02-08,255,81,"N",1543,"Alive"
"95",11,"Seattle","OR",2022,2022-01-31,74,10,"Alive",NA,2022-02-08,11,89,"N",-8,"Alive"
"96",11,"Seattle","OR",2023,2023-04-06,97,15.1,"Alive",NA,2022-02-08,11,89,"N",422,"Alive"
"97",11,"Seattle","OR",2024,2024-06-17,142,32,"Alive",NA,2022-02-08,11,89,"N",860,"Alive"
"98",11,"Seattle","OR",2025,2025-06-11,191,50.6,"Alive","no tag",2022-02-08,11,89,"N",1219,"Alive"
"99",11,"Seattle","OR",2026,2026-05-01,208,54.08,"Alive","missing tag, epicormic sprouting",2022-02-08,11,89,"N",1543,"Alive"
"100",11,"Seattle","WA",2022,2022-01-31,105.6,9.6,"Alive",NA,2022-02-08,256,82,"N",-8,"Alive"
"101",11,"Seattle","WA",2023,2023-04-06,106,15.5,"Alive",NA,2022-02-08,256,82,"N",422,"Alive"
"102",11,"Seattle","WA",2024,2024-06-17,133,30.5,"Alive",NA,2022-02-08,256,82,"N",860,"Alive"
"103",11,"Seattle","WA",2025,2025-06-11,167,46.2,"Alive",NA,2022-02-08,256,82,"N",1219,"Alive"
"104",11,"Seattle","WA",2026,2026-05-01,183,46.53,"Alive","missing tag, minor flagging",2022-02-08,256,82,"N",1543,"Alive"
"105",12,"Seattle","OR",2022,2022-01-31,61.7,7.4,"Alive",NA,2022-02-08,12,90,"N",-8,"Alive"
"106",12,"Seattle","OR",2023,2023-04-06,64,14.3,"Alive",NA,2022-02-08,12,90,"N",422,"Alive"
"107",12,"Seattle","OR",2024,2024-06-17,20,24.7,"Alive","Wound on stem",2022-02-08,12,90,"N",860,"Alive"
"108",12,"Seattle","OR",2025,2025-06-11,168,50.1,"Alive",NA,2022-02-08,12,90,"N",1219,"Alive"
"109",12,"Seattle","OR",2026,2026-05-01,186,50.11,"Alive",NA,2022-02-08,12,90,"N",1543,"Alive"
"110",12,"Seattle","WA",2022,2022-01-31,96.2,10.7,"Alive",NA,2022-02-08,257,83,"N",-8,"Alive"
"111",12,"Seattle","WA",2023,2023-04-06,97,15,"Alive","potential cedar leaf blight at bottom",2022-02-08,257,83,"N",422,"Alive"
"112",12,"Seattle","WA",2024,2024-06-17,111,23.7,"Alive",NA,2022-02-08,257,83,"N",860,"Alive"
"113",12,"Seattle","WA",2025,2025-06-11,130,34.8,"Alive",NA,2022-02-08,257,83,"N",1219,"Alive"
"114",12,"Seattle","WA",2026,2026-05-01,142,46.02,"Alive",NA,2022-02-08,257,83,"N",1543,"Alive"
"115",13,"Seattle","OR",2022,2022-01-31,44.4,6.2,"Alive","two tops, measured tallest",2022-02-08,13,91,"N",-8,"Alive"
"116",13,"Seattle","OR",2023,2023-04-06,57,8.7,"Alive","many leaf sprouts at bottom",2022-02-08,13,91,"N",422,"Alive"
"117",13,"Seattle","OR",2024,2024-06-17,101,25.9,"Alive","Extra sprouts at base",2022-02-08,13,91,"N",860,"Alive"
"118",13,"Seattle","OR",2025,2025-06-11,126,31.9,"Alive",NA,2022-02-08,13,91,"N",1219,"Alive"
"119",13,"Seattle","OR",2026,2026-05-01,138,30.02,"Alive","base mechanical damage (prev yrs)",2022-02-08,13,91,"N",1543,"Alive"
"120",13,"Seattle","WA",2022,2022-01-31,92.6,7.9,"Alive",NA,2022-02-08,258,84,"N",-8,"Alive"
"121",13,"Seattle","WA",2023,2023-04-06,92,10.4,"Alive",NA,2022-02-08,258,84,"N",422,"Alive"
"122",13,"Seattle","WA",2024,2024-06-17,110,15.6,"Alive",NA,2022-02-08,258,84,"N",860,"Alive"
"123",13,"Seattle","WA",2025,2025-06-11,114,37.3,"Alive",NA,2022-02-08,258,84,"N",1219,"Alive"
"124",13,"Seattle","WA",2026,2026-05-01,123,39.21,"Alive","minor flagging",2022-02-08,258,84,"N",1543,"Alive"
"125",14,"Seattle","OR",2022,2022-01-31,50.4,5.7,"Alive",NA,2022-02-08,14,NA,"N",-8,"Dead"
"126",14,"Seattle","OR",2023,2023-04-06,53,14.4,"Alive",NA,2022-02-08,14,NA,"N",422,"Dead"
"127",14,"Seattle","OR",2024,2024-06-17,NA,NA,"Dead",NA,2022-02-08,14,NA,"N",860,"Dead"
"128",14,"Seattle","OR",2025,2025-06-11,NA,NA,"Dead",NA,2022-02-08,14,NA,"N",1219,"Dead"
"129",14,"Seattle","WA",2022,2022-01-31,86.2,11,"Alive",NA,2022-02-08,259,85,"N",-8,"Alive"
"130",14,"Seattle","WA",2023,2023-04-06,92,13.5,"Alive",NA,2022-02-08,259,85,"N",422,"Alive"
"131",14,"Seattle","WA",2024,2024-06-17,131,30,"Alive",NA,2022-02-08,259,85,"N",860,"Alive"
"132",14,"Seattle","WA",2025,2025-06-11,165,45.7,"Alive",NA,2022-02-08,259,85,"N",1219,"Alive"
"133",14,"Seattle","WA",2026,2026-05-01,183,55.23,"Alive","minor flagging, brown tips",2022-02-08,259,85,"N",1543,"Alive"
"134",15,"Seattle","OR",2022,2022-01-31,59,7.1,"Alive",NA,2022-02-08,15,92,"N",-8,"Alive"
"135",15,"Seattle","OR",2023,2023-04-06,61,22.4,"Alive",NA,2022-02-08,15,92,"N",422,"Alive"
"136",15,"Seattle","OR",2024,2024-06-17,102,25.8,"Alive",NA,2022-02-08,15,92,"N",860,"Alive"
"137",15,"Seattle","OR",2025,2025-06-11,110,33.8,"Alive",NA,2022-02-08,15,92,"N",1219,"Alive"
"138",15,"Seattle","OR",2026,2026-05-01,125,35.73,"Alive",NA,2022-02-08,15,92,"N",1543,"Alive"
"139",15,"Seattle","WA",2022,2022-01-31,70,9.2,"Alive",NA,2022-02-08,260,86,"N",-8,"Alive"
"140",15,"Seattle","WA",2023,2023-04-06,76,12.4,"Alive",NA,2022-02-08,260,86,"N",422,"Alive"
"141",15,"Seattle","WA",2024,2024-06-17,115,24.6,"Alive",NA,2022-02-08,260,86,"N",860,"Alive"
"142",15,"Seattle","WA",2025,2025-06-11,152,48.8,"Alive",NA,2022-02-08,260,86,"N",1219,"Alive"
"143",15,"Seattle","WA",2026,2026-05-01,165,50.39,"Alive","minor flagging",2022-02-08,260,86,"N",1543,"Alive"
"144",16,"Seattle","OR",2022,2022-01-31,96,10.3,"Alive","two tops, measured tallest",2022-02-08,16,93,"N",-8,"Alive"
"145",16,"Seattle","OR",2023,2023-04-06,102,15.5,"Alive","2 leaders",2022-02-08,16,93,"N",422,"Alive"
"146",16,"Seattle","OR",2024,2024-06-17,127,26.7,"Alive","Two leaders",2022-02-08,16,93,"N",860,"Alive"
"147",16,"Seattle","OR",2025,2025-06-11,179,48.3,"Alive","Two leaders",2022-02-08,16,93,"N",1219,"Alive"
"148",16,"Seattle","OR",2026,2026-05-01,191,51.6,"Alive","two leads, mechanical damage near base (prev yrs)",2022-02-08,16,93,"N",1543,"Alive"
"149",16,"Seattle","WA",2022,2022-01-31,69,10.2,"Alive","two tops, more orange than red, tree may be dying",2022-02-08,261,87,"N",-8,"Alive"
"150",16,"Seattle","WA",2023,2023-04-06,82,13.2,"Alive","cones",2022-02-08,261,87,"N",422,"Alive"
"151",16,"Seattle","WA",2024,2024-06-17,144,37.3,"Alive",NA,2022-02-08,261,87,"N",860,"Alive"
"152",16,"Seattle","WA",2025,2025-06-11,187,58.8,"Alive","Wound on side, flagging, cones",2022-02-08,261,87,"N",1219,"Alive"
"153",16,"Seattle","WA",2026,2026-05-01,220,58.08,"Alive","mechanical damage (prev yrs) on middle stem, minor flagging",2022-02-08,261,87,"N",1543,"Alive"
"154",17,"Seattle","OR",2022,2022-01-31,78.3,7.7,"Alive",NA,2022-02-08,17,94,"N",-8,"Alive"
"155",17,"Seattle","OR",2023,2023-04-06,86,13.4,"Alive",NA,2022-02-08,17,94,"N",422,"Alive"
"156",17,"Seattle","OR",2024,2024-06-17,126,25,"Alive",NA,2022-02-08,17,94,"N",860,"Alive"
"157",17,"Seattle","OR",2025,2025-06-11,143,33.9,"Alive",NA,2022-02-08,17,94,"N",1219,"Alive"
"158",17,"Seattle","OR",2026,2026-05-01,151,33.95,"Alive",NA,2022-02-08,17,94,"N",1543,"Alive"
"159",17,"Seattle","WA",2022,2022-01-31,78,8.3,"Alive",NA,2022-02-08,262,95,"N",-8,"Alive"
"160",17,"Seattle","WA",2023,2023-04-06,93,16.9,"Alive",NA,2022-02-08,262,95,"N",422,"Alive"
"161",17,"Seattle","WA",2024,2024-06-17,140,26.1,"Alive",NA,2022-02-08,262,95,"N",860,"Alive"
"162",17,"Seattle","WA",2025,2025-06-11,187,45.5,"Alive","Mechanical damage/flagging",2022-02-08,262,95,"N",1219,"Alive"
"163",17,"Seattle","WA",2026,2026-05-01,206,48.1,"Alive","minor flagging",2022-02-08,262,95,"N",1543,"Alive"
"164",18,"Seattle","OR",2022,2022-01-31,90.2,8.5,"Alive",NA,2022-02-08,18,NA,"N",-8,"Missing"
"165",18,"Seattle","OR",2023,2023-04-06,NA,NA,"Missing",NA,2022-02-08,18,NA,"N",422,"Missing"
"166",18,"Seattle","OR",2024,2024-06-17,NA,NA,"Missing",NA,2022-02-08,18,NA,"N",860,"Missing"
"167",18,"Seattle","OR",2025,2025-06-11,NA,NA,"Missing",NA,2022-02-08,18,NA,"N",1219,"Missing"
"168",18,"Seattle","WA",2022,2022-01-31,90.6,8.6,"Alive",NA,2022-02-08,263,96,"N",-8,"Alive"
"169",18,"Seattle","WA",2023,2023-04-06,108,14.5,"Alive",NA,2022-02-08,263,96,"N",422,"Alive"
"170",18,"Seattle","WA",2024,2024-06-17,141,27.5,"Alive",NA,2022-02-08,263,96,"N",860,"Alive"
"171",18,"Seattle","WA",2025,2025-06-11,164,32.6,"Alive","Thin canopy, browning leaves",2022-02-08,263,96,"N",1219,"Alive"
"172",18,"Seattle","WA",2026,2026-05-01,176,33.5,"Alive","minor thinning, severe mechanical damage (prev yrs)",2022-02-08,263,96,"N",1543,"Alive"
"173",19,"Seattle","OR",2022,2022-01-31,100,9.6,"Alive",NA,2022-02-08,19,105,"N",-8,"Alive"
"174",19,"Seattle","OR",2023,2023-04-06,111,15.9,"Alive",NA,2022-02-08,19,105,"N",422,"Alive"
"175",19,"Seattle","OR",2024,2024-06-17,144,29.7,"Alive","Black spots on leaves",2022-02-08,19,105,"N",860,"Alive"
"176",19,"Seattle","OR",2025,2025-06-11,183,39.4,"Alive","No tag/flagging/mechanical damage",2022-02-08,19,105,"N",1219,"Alive"
"177",19,"Seattle","OR",2026,2026-05-01,197,45.35,"Alive","major mechanical damage (prev yrs), thinning",2022-02-08,19,105,"N",1543,"Alive"
"178",19,"Seattle","WA",2022,2022-01-31,88,8.4,"Alive",NA,2022-02-08,264,NA,"N",-8,"Dead"
"179",19,"Seattle","WA",2023,2023-04-06,85,9.7,"Dead",NA,2022-02-08,264,NA,"N",422,"Dead"
"180",19,"Seattle","WA",2024,2024-06-17,NA,NA,"Dead",NA,2022-02-08,264,NA,"N",860,"Dead"
"181",19,"Seattle","WA",2025,2025-06-11,NA,NA,"Dead",NA,2022-02-08,264,NA,"N",1219,"Dead"
"182",20,"Seattle","OR",2022,2022-01-31,75.2,6.6,"Alive",NA,2022-02-08,20,NA,"N",-8,"Missing"
"183",20,"Seattle","OR",2023,2023-04-06,NA,NA,"Missing",NA,2022-02-08,20,NA,"N",422,"Missing"
"184",20,"Seattle","OR",2024,2024-06-17,NA,NA,"Missing",NA,2022-02-08,20,NA,"N",860,"Missing"
"185",20,"Seattle","OR",2025,2025-06-11,NA,NA,"Missing",NA,2022-02-08,20,NA,"N",1219,"Missing"
"186",20,"Seattle","WA",2022,2022-01-31,84.8,9,"Alive",NA,2022-02-08,265,97,"N",-8,"Alive"
"187",20,"Seattle","WA",2023,2023-04-06,91,15.3,"Alive",NA,2022-02-08,265,97,"N",422,"Alive"
"188",20,"Seattle","WA",2024,2024-06-17,126,28.9,"Alive",NA,2022-02-08,265,97,"N",860,"Alive"
"189",20,"Seattle","WA",2025,2025-06-11,170,48.2,"Alive","Cones",2022-02-08,265,97,"N",1219,"Alive"
"190",20,"Seattle","WA",2026,2026-05-01,195,57,"Alive",NA,2022-02-08,265,97,"N",1543,"Alive"
"191",21,"Seattle","OR",2022,2022-01-31,66,6,"Alive",NA,2022-02-08,21,106,"N",-8,"Alive"
"192",21,"Seattle","OR",2023,2023-04-06,83,13.4,"Alive",NA,2022-02-08,21,106,"N",422,"Alive"
"193",21,"Seattle","OR",2024,2024-06-17,116,28.2,"Alive",NA,2022-02-08,21,106,"N",860,"Alive"
"194",21,"Seattle","OR",2025,2025-06-11,142,40.9,"Alive",NA,2022-02-08,21,106,"N",1219,"Alive"
"195",21,"Seattle","OR",2026,2026-05-01,158,48.63,"Alive",NA,2022-02-08,21,106,"N",1543,"Alive"
"196",21,"Seattle","WA",2022,2022-01-31,70.2,9.8,"Alive",NA,2022-02-08,266,98,"N",-8,"Alive"
"197",21,"Seattle","WA",2023,2023-04-06,89,14.7,"Alive",NA,2022-02-08,266,98,"N",422,"Alive"
"198",21,"Seattle","WA",2024,2024-06-17,133,27.9,"Alive",NA,2022-02-08,266,98,"N",860,"Alive"
"199",21,"Seattle","WA",2025,2025-06-11,149,48.9,"Alive",NA,2022-02-08,266,98,"N",1219,"Alive"
"200",21,"Seattle","WA",2026,2026-05-01,162,47.93,"Alive",NA,2022-02-08,266,98,"N",1543,"Alive"
"201",22,"Seattle","OR",2022,2022-01-31,87.4,9.4,"Alive",NA,2022-02-08,22,107,"N",-8,"Alive"
"202",22,"Seattle","OR",2023,2023-04-06,85,14.6,"Alive",NA,2022-02-08,22,107,"N",422,"Alive"
"203",22,"Seattle","OR",2024,2024-06-17,129,25.3,"Alive",NA,2022-02-08,22,107,"N",860,"Alive"
"204",22,"Seattle","OR",2025,2025-06-11,135,45.7,"Alive","Wound on bottom",2022-02-08,22,107,"N",1219,"Alive"
"205",22,"Seattle","OR",2026,2026-05-01,150,56.26,"Alive",NA,2022-02-08,22,107,"N",1543,"Alive"
"206",22,"Seattle","WA",2022,2022-01-31,71.2,8.3,"Alive",NA,2022-02-08,267,99,"N",-8,"Alive"
"207",22,"Seattle","WA",2023,2023-04-06,75,14.5,"Alive",NA,2022-02-08,267,99,"N",422,"Alive"
"208",22,"Seattle","WA",2024,2024-06-17,112,25.1,"Alive",NA,2022-02-08,267,99,"N",860,"Alive"
"209",22,"Seattle","WA",2025,2025-06-11,156,45.2,"Alive","Cones",2022-02-08,267,99,"N",1219,"Alive"
"210",22,"Seattle","WA",2026,2026-05-01,172,42.7,"Alive","minor flagging",2022-02-08,267,99,"N",1543,"Alive"
"211",23,"Seattle","OR",2022,2022-01-31,100.8,7.6,"Alive",NA,2022-02-08,23,108,"N",-8,"Alive"
"212",23,"Seattle","OR",2023,2023-04-06,109,15.3,"Alive",NA,2022-02-08,23,108,"N",422,"Alive"
"213",23,"Seattle","OR",2024,2024-06-17,154,26.8,"Alive","Damage on stems",2022-02-08,23,108,"N",860,"Alive"
"214",23,"Seattle","OR",2025,2025-06-11,154,39.7,"Alive",NA,2022-02-08,23,108,"N",1219,"Alive"
"215",23,"Seattle","OR",2026,2026-05-01,152,49.5,"Alive","Damage on stems",2022-02-08,23,108,"N",1543,"Alive"
"216",23,"Seattle","WA",2022,2022-01-31,73.4,8.4,"Alive",NA,2022-02-08,268,100,"N",-8,"Alive"
"217",23,"Seattle","WA",2023,2023-04-06,84,13.5,"Alive","potential cedar leaf blight at bottom",2022-02-08,268,100,"N",422,"Alive"
"218",23,"Seattle","WA",2024,2024-06-17,146,30.7,"Alive",NA,2022-02-08,268,100,"N",860,"Alive"
"219",23,"Seattle","WA",2025,2025-06-11,187,45.6,"Alive",NA,2022-02-08,268,100,"N",1219,"Alive"
"220",23,"Seattle","WA",2026,2026-05-01,199,59,"Alive",NA,2022-02-08,268,100,"N",1543,"Alive"
"221",24,"Seattle","OR",2022,2022-01-31,94.4,8.4,"Alive",NA,2022-02-08,24,109,"N",-8,"Alive"
"222",24,"Seattle","OR",2023,2023-04-06,104,13.3,"Alive",NA,2022-02-08,24,109,"N",422,"Alive"
"223",24,"Seattle","OR",2024,2024-06-17,154,38.5,"Alive","Damage on stem",2022-02-08,24,109,"N",860,"Alive"
"224",24,"Seattle","OR",2025,2025-06-11,183,58.9,"Alive",NA,2022-02-08,24,109,"N",1219,"Alive"
"225",24,"Seattle","OR",2026,2026-05-01,205,64.97,"Alive","minor flagging",2022-02-08,24,109,"N",1543,"Alive"
"226",24,"Seattle","WA",2022,2022-01-31,67,8.7,"Alive",NA,2022-02-08,269,101,"N",-8,"Alive"
"227",24,"Seattle","WA",2023,2023-04-06,71,14.5,"Alive",NA,2022-02-08,269,101,"N",422,"Alive"
"228",24,"Seattle","WA",2024,2024-06-17,110,22.5,"Alive",NA,2022-02-08,269,101,"N",860,"Alive"
"229",24,"Seattle","WA",2025,2025-06-11,141,36.5,"Alive","Cones",2022-02-08,269,101,"N",1219,"Alive"
"230",24,"Seattle","WA",2026,2026-05-01,164,42.52,"Alive",NA,2022-02-08,269,101,"N",1543,"Alive"
"231",25,"Seattle","OR",2022,2022-01-31,99.6,9.4,"Alive",NA,2022-02-08,25,110,"N",-8,"Alive"
"232",25,"Seattle","OR",2023,2023-04-06,107,17.7,"Alive",NA,2022-02-08,25,110,"N",422,"Alive"
"233",25,"Seattle","OR",2024,2024-06-17,183,36.6,"Alive",NA,2022-02-08,25,110,"N",860,"Alive"
"234",25,"Seattle","OR",2025,2025-06-11,247,49.3,"Alive","Flagging",2022-02-08,25,110,"N",1219,"Alive"
"235",25,"Seattle","OR",2026,2026-05-01,266,53.14,"Alive","slight mechanical damage (prev yrs)",2022-02-08,25,110,"N",1543,"Alive"
"236",25,"Seattle","WA",2022,2022-01-31,80,8.6,"Alive",NA,2022-02-08,270,102,"N",-8,"Alive"
"237",25,"Seattle","WA",2023,2023-04-06,91,13.5,"Alive",NA,2022-02-08,270,102,"N",422,"Alive"
"238",25,"Seattle","WA",2024,2024-06-17,147,25.2,"Alive",NA,2022-02-08,270,102,"N",860,"Alive"
"239",25,"Seattle","WA",2025,2025-06-11,200,40,"Alive",NA,2022-02-08,270,102,"N",1219,"Alive"
"240",25,"Seattle","WA",2026,2026-05-01,216,50.56,"Alive",NA,2022-02-08,270,102,"N",1543,"Alive"
"241",26,"Seattle","OR",2022,2022-01-31,54.8,4.6,"Alive",NA,2022-02-08,26,111,"N",-8,"Missing"
"242",26,"Seattle","OR",2023,2023-04-06,67,14.8,"Alive",NA,2022-02-08,26,111,"N",422,"Missing"
"243",26,"Seattle","OR",2024,2024-06-17,55,13.4,"Alive","Bites",2022-02-08,26,111,"N",860,"Missing"
"244",26,"Seattle","OR",2025,2025-06-11,158,17.6,"Alive",NA,2022-02-08,26,111,"N",1219,"Missing"
"245",26,"Seattle","OR",2026,2026-05-01,NA,NA,"Missing",NA,2022-02-08,26,111,"N",1543,"Missing"
"246",26,"Seattle","WA",2022,2022-01-31,73.6,8.5,"Alive",NA,2022-02-08,271,103,"N",-8,"Dead"
"247",26,"Seattle","WA",2023,2023-04-06,83,10.2,"Alive",NA,2022-02-08,271,103,"N",422,"Dead"
"248",26,"Seattle","WA",2024,2024-06-17,95,13,"Alive",NA,2022-02-08,271,103,"N",860,"Dead"
"249",26,"Seattle","WA",2025,2025-06-11,87,14.5,"Dead",NA,2022-02-08,271,103,"N",1219,"Dead"
"250",26,"Seattle","WA",2026,2026-05-01,NA,NA,"Dead",NA,2022-02-08,271,103,"N",1543,"Dead"
"251",27,"Seattle","OR",2022,2022-01-31,82.8,7.2,"Alive",NA,2022-02-08,27,112,"N",-8,"Alive"
"252",27,"Seattle","OR",2023,2023-04-06,96,13.3,"Alive",NA,2022-02-08,27,112,"N",422,"Alive"
"253",27,"Seattle","OR",2024,2024-06-17,136,24.2,"Alive",NA,2022-02-08,27,112,"N",860,"Alive"
"254",27,"Seattle","OR",2025,2025-06-11,175,42.2,"Alive","Major wounds/flagging",2022-02-08,27,112,"N",1219,"Alive"
"255",27,"Seattle","OR",2026,2026-05-01,184,41.86,"Alive","major mechanical damage (prev yrs), minor flagging",2022-02-08,27,112,"N",1543,"Alive"
"256",27,"Seattle","WA",2022,2022-01-31,63.8,10.2,"Alive","two tops at root collar (splits at base)",2022-02-08,272,104,"N",-8,"Alive"
"257",27,"Seattle","WA",2023,2023-04-06,81,9.6,"Alive",NA,2022-02-08,272,104,"N",422,"Alive"
"258",27,"Seattle","WA",2024,2024-06-17,141,26.7,"Alive",NA,2022-02-08,272,104,"N",860,"Alive"
"259",27,"Seattle","WA",2025,2025-06-11,195,42.3,"Alive",NA,2022-02-08,272,104,"N",1219,"Alive"
"260",27,"Seattle","WA",2026,2026-05-01,208,43.64,"Alive","minor flagging",2022-02-08,272,104,"N",1543,"Alive"
"261",28,"Seattle","OR",2022,2022-01-31,88.4,8,"Alive",NA,2022-02-08,28,113,"N",-8,"Alive"
"262",28,"Seattle","OR",2023,2023-04-06,97,13.1,"Alive",NA,2022-02-08,28,113,"N",422,"Alive"
"263",28,"Seattle","OR",2024,2024-06-17,136,27,"Alive",NA,2022-02-08,28,113,"N",860,"Alive"
"264",28,"Seattle","OR",2025,2025-06-11,157,32.8,"Alive",NA,2022-02-08,28,113,"N",1219,"Alive"
"265",28,"Seattle","OR",2026,2026-05-01,172,37.31,"Alive","epicormic sprouting, minor flagging, mechanical damage",2022-02-08,28,113,"N",1543,"Alive"
"266",28,"Seattle","WA",2022,2022-01-31,70.8,10.4,"Alive",NA,2022-02-08,273,NA,"N",-8,"Dead"
"267",28,"Seattle","WA",2023,2023-04-06,83,13.4,"Alive","top of root crown showing",2022-02-08,273,NA,"N",422,"Dead"
"268",28,"Seattle","WA",2024,2024-06-17,91,20.5,"Dead",NA,2022-02-08,273,NA,"N",860,"Dead"
"269",28,"Seattle","WA",2025,2025-06-11,NA,NA,"Dead",NA,2022-02-08,273,NA,"N",1219,"Dead"
"270",29,"Seattle","OR",2022,2022-01-31,91.6,8.3,"Alive",NA,2022-02-08,29,NA,"N",-8,"Dead"
"271",29,"Seattle","OR",2023,2023-04-06,90,10.3,"Dead",NA,2022-02-08,29,NA,"N",422,"Dead"
"272",29,"Seattle","OR",2024,2024-06-17,NA,NA,"Dead",NA,2022-02-08,29,NA,"N",860,"Dead"
"273",29,"Seattle","OR",2025,2025-06-11,NA,NA,"Dead",NA,2022-02-08,29,NA,"N",1219,"Dead"
"274",29,"Seattle","WA",2022,2022-01-31,77.2,7.8,"Alive",NA,2022-02-08,274,NA,"N",-8,"Missing"
"275",29,"Seattle","WA",2023,2023-04-06,NA,NA,"Missing",NA,2022-02-08,274,NA,"N",422,"Missing"
"276",29,"Seattle","WA",2024,2024-06-17,NA,NA,"Missing",NA,2022-02-08,274,NA,"N",860,"Missing"
"277",29,"Seattle","WA",2025,2025-06-11,NA,NA,"Missing",NA,2022-02-08,274,NA,"N",1219,"Missing"
"278",30,"Seattle","OR",2022,2022-01-31,91.3,8.7,"Alive",NA,2022-02-08,30,114,"N",-8,"Alive"
"279",30,"Seattle","OR",2023,2023-04-06,100,13.8,"Alive",NA,2022-02-08,30,114,"N",422,"Alive"
"280",30,"Seattle","OR",2024,2024-06-17,136,23.6,"Alive",NA,2022-02-08,30,114,"N",860,"Alive"
"281",30,"Seattle","OR",2025,2025-06-11,156,32.9,"Alive",NA,2022-02-08,30,114,"N",1219,"Alive"
"282",30,"Seattle","OR",2026,2026-05-01,172,37.96,"Alive",NA,2022-02-08,30,114,"N",1543,"Alive"
"283",30,"Seattle","WA",2022,2022-01-31,98.4,9.5,"Alive",NA,2022-02-08,275,NA,"N",-8,"Missing"
"284",30,"Seattle","WA",2023,2023-04-06,NA,NA,"Missing",NA,2022-02-08,275,NA,"N",422,"Missing"
"285",30,"Seattle","WA",2024,2024-06-17,NA,NA,"Missing",NA,2022-02-08,275,NA,"N",860,"Missing"
"286",30,"Seattle","WA",2025,2025-06-11,NA,NA,"Missing",NA,2022-02-08,275,NA,"N",1219,"Missing"
"287",31,"Seattle","OR",2022,2022-01-31,88.2,9.2,"Alive",NA,2022-02-08,31,125,"N",-8,"Alive"
"288",31,"Seattle","OR",2023,2023-04-06,91,11,"Alive",NA,2022-02-08,31,125,"N",422,"Alive"
"289",31,"Seattle","OR",2024,2024-06-17,114,21.8,"Alive",NA,2022-02-08,31,125,"N",860,"Alive"
"290",31,"Seattle","OR",2025,2025-06-11,144,37,"Alive",NA,2022-02-08,31,125,"N",1219,"Alive"
"291",31,"Seattle","OR",2026,2026-05-01,160,33.44,"Alive",NA,2022-02-08,31,125,"N",1543,"Alive"
"292",31,"Seattle","WA",2022,2022-01-31,88.8,6.8,"Alive",NA,2022-02-08,276,115,"N",-8,"Alive"
"293",31,"Seattle","WA",2023,2023-04-06,102,15.9,"Alive",NA,2022-02-08,276,115,"N",422,"Alive"
"294",31,"Seattle","WA",2024,2024-06-17,129,24.5,"Alive",NA,2022-02-08,276,115,"N",860,"Alive"
"295",31,"Seattle","WA",2025,2025-06-11,182,47.7,"Alive",NA,2022-02-08,276,115,"N",1219,"Alive"
"296",31,"Seattle","WA",2026,2026-05-01,196,52.99,"Alive",NA,2022-02-08,276,115,"N",1543,"Alive"
"297",32,"Seattle","OR",2022,2022-01-31,71,6.8,"Alive",NA,2022-02-08,32,126,"N",-8,"Alive"
"298",32,"Seattle","OR",2023,2023-04-06,84,12,"Alive",NA,2022-02-08,32,126,"N",422,"Alive"
"299",32,"Seattle","OR",2024,2024-06-17,121,21.5,"Alive","Damage on Stem",2022-02-08,32,126,"N",860,"Alive"
"300",32,"Seattle","OR",2025,2025-06-11,159,37.8,"Alive",NA,2022-02-08,32,126,"N",1219,"Alive"
"301",32,"Seattle","OR",2026,2026-05-01,173,45.32,"Alive",NA,2022-02-08,32,126,"N",1543,"Alive"
"302",32,"Seattle","WA",2022,2022-01-31,112.4,12.1,"Alive",NA,2022-02-08,277,116,"N",-8,"Alive"
"303",32,"Seattle","WA",2023,2023-04-06,126,16.9,"Alive",NA,2022-02-08,277,116,"N",422,"Alive"
"304",32,"Seattle","WA",2024,2024-06-17,170,32.9,"Alive",NA,2022-02-08,277,116,"N",860,"Alive"
"305",32,"Seattle","WA",2025,2025-06-11,204,42.3,"Alive","Mechanical damage/cones",2022-02-08,277,116,"N",1219,"Alive"
"306",32,"Seattle","WA",2026,2026-05-01,216,60.08,"Alive","slight mechanical damage (prev yrs), minor flagging",2022-02-08,277,116,"N",1543,"Alive"
"307",33,"Seattle","OR",2022,2022-01-31,92.2,8.5,"Alive",NA,2022-02-08,33,127,"N",-8,"Alive"
"308",33,"Seattle","OR",2023,2023-04-06,100,12,"Alive",NA,2022-02-08,33,127,"N",422,"Alive"
"309",33,"Seattle","OR",2024,2024-06-17,137,25.6,"Alive","Extra growth",2022-02-08,33,127,"N",860,"Alive"
"310",33,"Seattle","OR",2025,2025-06-11,166,39.6,"Alive",NA,2022-02-08,33,127,"N",1219,"Alive"
"311",33,"Seattle","OR",2026,2026-05-01,186,49.93,"Alive",NA,2022-02-08,33,127,"N",1543,"Alive"
"312",33,"Seattle","WA",2022,2022-01-31,93.6,9.8,"Alive",NA,2022-02-08,278,117,"N",-8,"Alive"
"313",33,"Seattle","WA",2023,2023-04-06,105,14.7,"Alive",NA,2022-02-08,278,117,"N",422,"Alive"
"314",33,"Seattle","WA",2024,2024-06-17,159,29.9,"Alive",NA,2022-02-08,278,117,"N",860,"Alive"
"315",33,"Seattle","WA",2025,2025-06-11,183,48.2,"Alive",NA,2022-02-08,278,117,"N",1219,"Alive"
"316",33,"Seattle","WA",2026,2026-05-01,200,64.09,"Alive","epicormic sprouting, minor flagging, mechanical damage",2022-02-08,278,117,"N",1543,"Alive"
"317",34,"Seattle","OR",2022,2022-01-31,94.4,7.6,"Alive",NA,2022-02-08,34,128,"N",-8,"Alive"
"318",34,"Seattle","OR",2023,2023-04-06,104,11,"Alive",NA,2022-02-08,34,128,"N",422,"Alive"
"319",34,"Seattle","OR",2024,2024-06-17,142,30.8,"Alive",NA,2022-02-08,34,128,"N",860,"Alive"
"320",34,"Seattle","OR",2025,2025-06-11,193,42.8,"Alive",NA,2022-02-08,34,128,"N",1219,"Alive"
"321",34,"Seattle","OR",2026,2026-05-01,213,49.45,"Alive",NA,2022-02-08,34,128,"N",1543,"Alive"
"322",34,"Seattle","WA",2022,2022-01-31,101.5,9.7,"Alive",NA,2022-02-08,279,118,"N",-8,"Alive"
"323",34,"Seattle","WA",2023,2023-04-06,107,14.8,"Alive",NA,2022-02-08,279,118,"N",422,"Alive"
"324",34,"Seattle","WA",2024,2024-06-17,142,30.4,"Alive",NA,2022-02-08,279,118,"N",860,"Alive"
"325",34,"Seattle","WA",2025,2025-06-11,184,58.4,"Alive",NA,2022-02-08,279,118,"N",1219,"Alive"
"326",34,"Seattle","WA",2026,2026-05-01,201,55.02,"Alive",NA,2022-02-08,279,118,"N",1543,"Alive"
"327",35,"Seattle","OR",2022,2022-01-31,83,6.7,"Alive",NA,2022-02-08,35,129,"N",-8,"Alive"
"328",35,"Seattle","OR",2023,2023-04-06,90,8,"Alive",NA,2022-02-08,35,129,"N",422,"Alive"
"329",35,"Seattle","OR",2024,2024-06-17,137,28.9,"Alive",NA,2022-02-08,35,129,"N",860,"Alive"
"330",35,"Seattle","OR",2025,2025-06-11,174,44.5,"Alive",NA,2022-02-08,35,129,"N",1219,"Alive"
"331",35,"Seattle","OR",2026,2026-05-01,186,47.88,"Alive",NA,2022-02-08,35,129,"N",1543,"Alive"
"332",35,"Seattle","WA",2022,2022-01-31,99.2,10.1,"Alive",NA,2022-02-08,280,119,"N",-8,"Alive"
"333",35,"Seattle","WA",2023,2023-04-06,116,17.3,"Alive",NA,2022-02-08,280,119,"N",422,"Alive"
"334",35,"Seattle","WA",2024,2024-06-17,177,40.7,"Alive",NA,2022-02-08,280,119,"N",860,"Alive"
"335",35,"Seattle","WA",2025,2025-06-11,210,60.7,"Alive","Cones",2022-02-08,280,119,"N",1219,"Alive"
"336",35,"Seattle","WA",2026,2026-05-01,218,70.09,"Alive","minor flagging, epicormic sprouting",2022-02-08,280,119,"N",1543,"Alive"
"337",36,"Seattle","OR",2022,2022-01-31,77.4,6,"Alive",NA,2022-02-08,36,130,"N",-8,"Alive"
"338",36,"Seattle","OR",2023,2023-04-06,90,9,"Alive",NA,2022-02-08,36,130,"N",422,"Alive"
"339",36,"Seattle","OR",2024,2024-06-17,150,29.2,"Alive",NA,2022-02-08,36,130,"N",860,"Alive"
"340",36,"Seattle","OR",2025,2025-06-11,218,46.5,"Alive",NA,2022-02-08,36,130,"N",1219,"Alive"
"341",36,"Seattle","OR",2026,2026-05-01,238,51.73,"Alive",NA,2022-02-08,36,130,"N",1543,"Alive"
"342",36,"Seattle","WA",2022,2022-01-31,83.8,7.6,"Alive",NA,2022-02-08,281,120,"N",-8,"Alive"
"343",36,"Seattle","WA",2023,2023-04-06,106,16.1,"Alive",NA,2022-02-08,281,120,"N",422,"Alive"
"344",36,"Seattle","WA",2024,2024-06-17,163,34.9,"Alive",NA,2022-02-08,281,120,"N",860,"Alive"
"345",36,"Seattle","WA",2025,2025-06-11,190,45.3,"Alive","severe wound",2022-02-08,281,120,"N",1219,"Alive"
"346",36,"Seattle","WA",2026,2026-05-01,196,51.33,"Alive","mechanical damage (prev yrs)",2022-02-08,281,120,"N",1543,"Alive"
"347",37,"Seattle","OR",2022,2022-01-31,92.6,8.6,"Alive",NA,2022-02-08,37,131,"N",-8,"Alive"
"348",37,"Seattle","OR",2023,2023-04-06,99,14,"Alive",NA,2022-02-08,37,131,"N",422,"Alive"
"349",37,"Seattle","OR",2024,2024-06-17,141,34.1,"Alive",NA,2022-02-08,37,131,"N",860,"Alive"
"350",37,"Seattle","OR",2025,2025-06-11,183,44.1,"Alive",NA,2022-02-08,37,131,"N",1219,"Alive"
"351",37,"Seattle","OR",2026,2026-05-01,203,51.11,"Alive","slight mechanical damage (prev yrs)",2022-02-08,37,131,"N",1543,"Alive"
"352",37,"Seattle","WA",2022,2022-01-31,95,10.9,"Alive",NA,2022-02-08,282,121,"N",-8,"Alive"
"353",37,"Seattle","WA",2023,2023-04-06,103,14,"Alive",NA,2022-02-08,282,121,"N",422,"Alive"
"354",37,"Seattle","WA",2024,2024-06-17,148,34.7,"Alive",NA,2022-02-08,282,121,"N",860,"Alive"
"355",37,"Seattle","WA",2025,2025-06-11,197,52.2,"Alive",NA,2022-02-08,282,121,"N",1219,"Alive"
"356",37,"Seattle","WA",2026,2026-05-01,217,50.22,"Alive","minor flagging",2022-02-08,282,121,"N",1543,"Alive"
"357",38,"Seattle","OR",2022,2022-01-31,77,9.5,"Alive","two tops, measured tallest",2022-02-08,38,132,"N",-8,"Alive"
"358",38,"Seattle","OR",2023,2023-04-06,89,12,"Alive",NA,2022-02-08,38,132,"N",422,"Alive"
"359",38,"Seattle","OR",2024,2024-06-17,141,39.9,"Alive",NA,2022-02-08,38,132,"N",860,"Alive"
"360",38,"Seattle","OR",2025,2025-06-11,199,47.4,"Alive",NA,2022-02-08,38,132,"N",1219,"Alive"
"361",38,"Seattle","OR",2026,2026-05-01,216,54.21,"Alive",NA,2022-02-08,38,132,"N",1543,"Alive"
"362",38,"Seattle","WA",2022,2022-01-31,87.4,9,"Alive",NA,2022-02-08,283,122,"N",-8,"Alive"
"363",38,"Seattle","WA",2023,2023-04-06,104,13,"Alive",NA,2022-02-08,283,122,"N",422,"Alive"
"364",38,"Seattle","WA",2024,2024-06-17,166,33.2,"Alive",NA,2022-02-08,283,122,"N",860,"Alive"
"365",38,"Seattle","WA",2025,2025-06-11,239,48.4,"Alive",NA,2022-02-08,283,122,"N",1219,"Alive"
"366",38,"Seattle","WA",2026,2026-05-01,269,54.95,"Alive","minor flagging",2022-02-08,283,122,"N",1543,"Alive"
"367",39,"Seattle","OR",2022,2022-01-31,68.2,5.4,"Alive",NA,2022-02-08,39,133,"N",-8,"Alive"
"368",39,"Seattle","OR",2023,2023-04-06,97,10,"Alive",NA,2022-02-08,39,133,"N",422,"Alive"
"369",39,"Seattle","OR",2024,2024-06-17,179,33.7,"Alive",NA,2022-02-08,39,133,"N",860,"Alive"
"370",39,"Seattle","OR",2025,2025-06-11,241,49.3,"Alive",NA,2022-02-08,39,133,"N",1219,"Alive"
"371",39,"Seattle","OR",2026,2026-05-01,255,56.62,"Alive",NA,2022-02-08,39,133,"N",1543,"Alive"
"372",39,"Seattle","WA",2022,2022-01-31,89.2,6.7,"Alive",NA,2022-02-08,284,123,"N",-8,"Alive"
"373",39,"Seattle","WA",2023,2023-04-06,99,11,"Alive",NA,2022-02-08,284,123,"N",422,"Alive"
"374",39,"Seattle","WA",2024,2024-06-17,134,30.4,"Alive",NA,2022-02-08,284,123,"N",860,"Alive"
"375",39,"Seattle","WA",2025,2025-06-11,173,35.9,"Alive",NA,2022-02-08,284,123,"N",1219,"Alive"
"376",39,"Seattle","WA",2026,2026-05-01,190,43.34,"Alive",NA,2022-02-08,284,123,"N",1543,"Alive"
"377",40,"Seattle","OR",2022,2022-01-31,77,7.3,"Alive",NA,2022-02-08,40,134,"N",-8,"Alive"
"378",40,"Seattle","OR",2023,2023-04-06,101,11,"Alive",NA,2022-02-08,40,134,"N",422,"Alive"
"379",40,"Seattle","OR",2024,2024-06-17,137,37.8,"Alive",NA,2022-02-08,40,134,"N",860,"Alive"
"380",40,"Seattle","OR",2025,2025-06-11,183,37.2,"Alive",NA,2022-02-08,40,134,"N",1219,"Alive"
"381",40,"Seattle","OR",2026,2026-05-01,209,48.11,"Alive",NA,2022-02-08,40,134,"N",1543,"Alive"
"382",40,"Seattle","WA",2022,2022-01-31,108.4,9.4,"Alive",NA,2022-02-08,285,124,"N",-8,"Alive"
"383",40,"Seattle","WA",2023,2023-04-06,113,13.7,"Alive",NA,2022-02-08,285,124,"N",422,"Alive"
"384",40,"Seattle","WA",2024,2024-06-17,137,24.2,"Alive",NA,2022-02-08,285,124,"N",860,"Alive"
"385",40,"Seattle","WA",2025,2025-06-11,161,28.4,"Alive",NA,2022-02-08,285,124,"N",1219,"Alive"
"386",40,"Seattle","WA",2026,2026-05-01,183,33.51,"Alive",NA,2022-02-08,285,124,"N",1543,"Alive"
"387",41,"Seattle","OR",2022,2022-01-31,87.6,8.6,"Alive",NA,2022-02-08,41,135,"N",-8,"Alive"
"388",41,"Seattle","OR",2023,2023-04-06,115,13,"Alive",NA,2022-02-08,41,135,"N",422,"Alive"
"389",41,"Seattle","OR",2024,2024-06-17,176,33.7,"Alive",NA,2022-02-08,41,135,"N",860,"Alive"
"390",41,"Seattle","OR",2025,2025-06-11,201,39.8,"Alive",NA,2022-02-08,41,135,"N",1219,"Alive"
"391",41,"Seattle","OR",2026,2026-05-01,220,46.73,"Alive",NA,2022-02-08,41,135,"N",1543,"Alive"
"392",41,"Seattle","WA",2022,2022-01-31,105.6,10.4,"Alive",NA,2022-02-08,286,NA,"N",-8,"Missing"
"393",41,"Seattle","WA",2023,2023-04-06,NA,NA,"Missing",NA,2022-02-08,286,NA,"N",422,"Missing"
"394",41,"Seattle","WA",2024,2024-06-17,NA,NA,"Missing",NA,2022-02-08,286,NA,"N",860,"Missing"
"395",41,"Seattle","WA",2025,2025-06-11,NA,NA,"Missing",NA,2022-02-08,286,NA,"N",1219,"Missing"
"396",42,"Seattle","OR",2022,2022-01-31,90.4,7.4,"Alive",NA,2022-02-08,42,NA,"N",-8,"Missing"
"397",42,"Seattle","OR",2023,2023-04-06,NA,NA,"Missing",NA,2022-02-08,42,NA,"N",422,"Missing"
"398",42,"Seattle","OR",2024,2024-06-17,NA,NA,"Missing",NA,2022-02-08,42,NA,"N",860,"Missing"
"399",42,"Seattle","OR",2025,2025-06-11,NA,NA,"Missing",NA,2022-02-08,42,NA,"N",1219,"Missing"
"400",42,"Seattle","WA",2022,2022-01-31,89.4,6.5,"Alive",NA,2022-02-08,287,NA,"N",-8,"Missing"
"401",42,"Seattle","WA",2023,2023-04-06,NA,NA,"Missing",NA,2022-02-08,287,NA,"N",422,"Missing"
"402",42,"Seattle","WA",2024,2024-06-17,NA,NA,"Missing",NA,2022-02-08,287,NA,"N",860,"Missing"
"403",42,"Seattle","WA",2025,2025-06-11,NA,NA,"Missing",NA,2022-02-08,287,NA,"N",1219,"Missing"
"404",43,"Seattle","OR",2022,2022-01-31,100.4,8.8,"Alive",NA,2022-02-08,43,NA,"N",-8,"Missing"
"405",43,"Seattle","OR",2023,2023-04-06,NA,NA,"Missing",NA,2022-02-08,43,NA,"N",422,"Missing"
"406",43,"Seattle","OR",2024,2024-06-17,NA,NA,"Missing",NA,2022-02-08,43,NA,"N",860,"Missing"
"407",43,"Seattle","OR",2025,2025-06-11,NA,NA,"Missing",NA,2022-02-08,43,NA,"N",1219,"Missing"
"408",43,"Seattle","WA",2022,2022-01-31,84.8,10.4,"Alive","two shoots, measured tallest",2022-02-08,288,136,"N",-8,"Alive"
"409",43,"Seattle","WA",2023,2023-04-06,92,11,"Alive",NA,2022-02-08,288,136,"N",422,"Alive"
"410",43,"Seattle","WA",2024,2024-06-17,123,23.1,"Alive",NA,2022-02-08,288,136,"N",860,"Alive"
"411",43,"Seattle","WA",2025,2025-06-11,160,42.7,"Alive",NA,2022-02-08,288,136,"N",1219,"Alive"
"412",43,"Seattle","WA",2026,2026-05-01,185,51.1,"Alive","mechanical damage (prev yrs)",2022-02-08,288,136,"N",1543,"Alive"
"413",44,"Seattle","OR",2022,2022-01-31,93.4,7.6,"Alive",NA,2022-02-08,44,138,"N",-8,"Alive"
"414",44,"Seattle","OR",2023,2023-04-06,93,9,"Alive",NA,2022-02-08,44,138,"N",422,"Alive"
"415",44,"Seattle","OR",2024,2024-06-17,119,23.9,"Alive",NA,2022-02-08,44,138,"N",860,"Alive"
"416",44,"Seattle","OR",2025,2025-06-11,159,34.5,"Alive",NA,2022-02-08,44,138,"N",1219,"Alive"
"417",44,"Seattle","OR",2026,2026-05-01,179,41.72,"Alive","minor flagging",2022-02-08,44,138,"N",1543,"Alive"
"418",44,"Seattle","WA",2022,2022-01-31,88.8,9.4,"Alive",NA,2022-02-08,289,NA,"N",-8,"Missing"
"419",44,"Seattle","WA",2023,2023-04-06,NA,NA,"Missing",NA,2022-02-08,289,NA,"N",422,"Missing"
"420",44,"Seattle","WA",2024,2024-06-17,NA,NA,"Missing",NA,2022-02-08,289,NA,"N",860,"Missing"
"421",44,"Seattle","WA",2025,2025-06-11,NA,NA,"Missing",NA,2022-02-08,289,NA,"N",1219,"Missing"
"422",45,"Seattle","OR",2022,2022-01-31,66.8,7.2,"Alive",NA,2022-02-08,45,139,"N",-8,"Alive"
"423",45,"Seattle","OR",2023,2023-04-06,NA,NA,"Alive",NA,2022-02-08,45,139,"N",422,"Alive"
"424",45,"Seattle","OR",2024,2024-06-17,124,25.1,"Alive",NA,2022-02-08,45,139,"N",860,"Alive"
"425",45,"Seattle","OR",2025,2025-06-11,161,41.1,"Alive",NA,2022-02-08,45,139,"N",1219,"Alive"
"426",45,"Seattle","OR",2026,2026-05-01,177,39.48,"Alive","epicormic sprouting",2022-02-08,45,139,"N",1543,"Alive"
"427",45,"Seattle","WA",2022,2022-01-31,104.8,12,"Alive",NA,2022-02-08,290,NA,"N",-8,"Missing"
"428",45,"Seattle","WA",2023,2023-04-06,NA,NA,"Missing",NA,2022-02-08,290,NA,"N",422,"Missing"
"429",45,"Seattle","WA",2024,2024-06-17,NA,NA,"Missing",NA,2022-02-08,290,NA,"N",860,"Missing"
"430",45,"Seattle","WA",2025,2025-06-11,NA,NA,"Missing",NA,2022-02-08,290,NA,"N",1219,"Missing"
"431",46,"Seattle","OR",2022,2022-01-31,84.4,7.4,"Alive",NA,2022-02-08,46,NA,"N",-8,"Missing"
"432",46,"Seattle","OR",2023,2023-04-06,96,10,"Alive",NA,2022-02-08,46,NA,"N",422,"Missing"
"433",46,"Seattle","OR",2024,2024-06-17,NA,NA,"Missing",NA,2022-02-08,46,NA,"N",860,"Missing"
"434",46,"Seattle","OR",2025,2025-06-11,NA,NA,"Missing",NA,2022-02-08,46,NA,"N",1219,"Missing"
"435",46,"Seattle","WA",2022,2022-01-31,89.8,7.2,"Alive",NA,2022-02-08,291,NA,"N",-8,"Missing"
"436",46,"Seattle","WA",2023,2023-04-06,NA,NA,"Missing",NA,2022-02-08,291,NA,"N",422,"Missing"
"437",46,"Seattle","WA",2024,2024-06-17,NA,NA,"Missing",NA,2022-02-08,291,NA,"N",860,"Missing"
"438",46,"Seattle","WA",2025,2025-06-11,NA,NA,"Missing",NA,2022-02-08,291,NA,"N",1219,"Missing"
"439",47,"Seattle","OR",2022,2022-01-31,79,7,"Alive",NA,2022-02-08,47,NA,"N",-8,"Missing"
"440",47,"Seattle","OR",2023,2023-04-06,NA,NA,"Missing",NA,2022-02-08,47,NA,"N",422,"Missing"
"441",47,"Seattle","OR",2024,2024-06-17,NA,NA,"Missing",NA,2022-02-08,47,NA,"N",860,"Missing"
"442",47,"Seattle","OR",2025,2025-06-11,NA,NA,"Missing",NA,2022-02-08,47,NA,"N",1219,"Missing"
"443",47,"Seattle","WA",2022,2022-01-31,83.4,9.3,"Alive",NA,2022-02-08,292,NA,"N",-8,"Missing"
"444",47,"Seattle","WA",2023,2023-04-06,NA,NA,"Missing",NA,2022-02-08,292,NA,"N",422,"Missing"
"445",47,"Seattle","WA",2024,2024-06-17,NA,NA,"Missing",NA,2022-02-08,292,NA,"N",860,"Missing"
"446",47,"Seattle","WA",2025,2025-06-11,NA,NA,"Missing",NA,2022-02-08,292,NA,"N",1219,"Missing"
"447",48,"Seattle","OR",2022,2022-01-31,80.8,6.7,"Alive",NA,2022-02-08,48,140,"N",-8,"Alive"
"448",48,"Seattle","OR",2023,2023-04-06,90,12,"Alive",NA,2022-02-08,48,140,"N",422,"Alive"
"449",48,"Seattle","OR",2024,2024-06-17,139,25.3,"Alive",NA,2022-02-08,48,140,"N",860,"Alive"
"450",48,"Seattle","OR",2025,2025-06-11,191,36.5,"Alive",NA,2022-02-08,48,140,"N",1219,"Alive"
"451",48,"Seattle","OR",2026,2026-05-01,206,46.82,"Alive","epicormic sprouting",2022-02-08,48,140,"N",1543,"Alive"
"452",48,"Seattle","WA",2022,2022-01-31,56.6,8,"Alive",NA,2022-02-08,293,NA,"N",-8,"Missing"
"453",48,"Seattle","WA",2023,2023-04-06,NA,NA,"Missing",NA,2022-02-08,293,NA,"N",422,"Missing"
"454",48,"Seattle","WA",2024,2024-06-17,NA,NA,"Missing",NA,2022-02-08,293,NA,"N",860,"Missing"
"455",48,"Seattle","WA",2025,2025-06-11,NA,NA,"Missing",NA,2022-02-08,293,NA,"N",1219,"Missing"
"456",49,"Seattle","OR",2022,2022-01-31,100.2,8.8,"Alive",NA,2022-02-08,49,141,"N",-8,"Alive"
"457",49,"Seattle","OR",2023,2023-04-06,101,14,"Alive",NA,2022-02-08,49,141,"N",422,"Alive"
"458",49,"Seattle","OR",2024,2024-06-17,145,33.8,"Alive",NA,2022-02-08,49,141,"N",860,"Alive"
"459",49,"Seattle","OR",2025,2025-06-11,192,38.8,"Alive",NA,2022-02-08,49,141,"N",1219,"Alive"
"460",49,"Seattle","OR",2026,2026-05-01,212,53.96,"Alive","epicormic sprouting, minor flagging",2022-02-08,49,141,"N",1543,"Alive"
"461",49,"Seattle","WA",2022,2022-01-31,96.2,10.3,"Alive",NA,2022-02-08,294,137,"N",-8,"Alive"
"462",49,"Seattle","WA",2023,2023-04-06,103,11,"Alive",NA,2022-02-08,294,137,"N",422,"Alive"
"463",49,"Seattle","WA",2024,2024-06-17,162,30.6,"Alive",NA,2022-02-08,294,137,"N",860,"Alive"
"464",49,"Seattle","WA",2025,2025-06-11,212,38.7,"Alive","No tag",2022-02-08,294,137,"N",1219,"Alive"
"465",49,"Seattle","WA",2026,2026-05-01,232,43.61,"Alive","missing tag",2022-02-08,294,137,"N",1543,"Alive"
"466",50,"Seattle","OR",2022,2022-01-31,87.4,8.2,"Alive",NA,2022-02-08,50,142,"N",-8,"Alive"
"467",50,"Seattle","OR",2023,2023-04-06,101,15,"Alive",NA,2022-02-08,50,142,"N",422,"Alive"
"468",50,"Seattle","OR",2024,2024-06-17,171,34.6,"Alive",NA,2022-02-08,50,142,"N",860,"Alive"
"469",50,"Seattle","OR",2025,2025-06-11,162,57.8,"Alive",NA,2022-02-08,50,142,"N",1219,"Alive"
"470",50,"Seattle","OR",2026,2026-05-01,279,71.13,"Alive",NA,2022-02-08,50,142,"N",1543,"Alive"
"471",50,"Seattle","WA",2022,2022-01-31,105.2,10.2,"Alive",NA,2022-02-08,295,NA,"N",-8,"Missing"
"472",50,"Seattle","WA",2023,2023-04-06,NA,NA,"Missing",NA,2022-02-08,295,NA,"N",422,"Missing"
"473",50,"Seattle","WA",2024,2024-06-17,NA,NA,"Missing",NA,2022-02-08,295,NA,"N",860,"Missing"
"474",50,"Seattle","WA",2025,2025-06-11,NA,NA,"Missing",NA,2022-02-08,295,NA,"N",1219,"Missing"
"475",51,"Tomanamus","OR",2022,2022-02-07,70,7,"Alive",NA,2022-03-12,51,NA,"N",-33,"Alive"
"476",51,"Tomanamus","OR",2023,2023-04-28,83,8.9,"Alive","5% dead",2022-03-12,51,NA,"N",412,"Alive"
"477",51,"Tomanamus","OR",2024,2024-07-18,NA,NA,"Missing",NA,2022-03-12,51,NA,"N",859,"Alive"
"478",51,"Tomanamus","OR",2025,2025-07-31,NA,NA,"Alive","Existing but not accessible",2022-03-12,51,NA,"N",1237,"Alive"
"479",51,"Tomanamus","WA",2022,2022-02-07,80,11.5,"Alive",NA,2022-03-12,296,453,"N",-33,"Alive"
"480",51,"Tomanamus","WA",2023,2023-04-28,82,10.5,"Alive",NA,2022-03-12,296,453,"N",412,"Alive"
"481",51,"Tomanamus","WA",2024,2024-07-18,140,12.45,"Alive","Browsed",2022-03-12,296,453,"Y",859,"Alive"
"482",51,"Tomanamus","WA",2025,2025-07-31,185,17.7,"Alive","browsed",2022-03-12,296,453,"Y",1237,"Alive"
"483",52,"Tomanamus","OR",2022,2022-02-07,79.9,7.4,"Alive",NA,2022-03-12,52,NA,"N",-33,"Alive"
"484",52,"Tomanamus","OR",2023,2023-04-28,78,9.1,"Alive",NA,2022-03-12,52,NA,"N",412,"Alive"
"485",52,"Tomanamus","OR",2024,2024-07-18,NA,NA,"Missing",NA,2022-03-12,52,NA,"N",859,"Alive"
"486",52,"Tomanamus","OR",2025,2025-07-31,NA,NA,"Alive","Existing but not accessible",2022-03-12,52,NA,"N",1237,"Alive"
"487",52,"Tomanamus","WA",2022,2022-02-07,94.2,9,"Alive",NA,2022-03-12,297,454,"N",-33,"Alive"
"488",52,"Tomanamus","WA",2023,2023-04-28,107,11.8,"Alive","top 40% dead",2022-03-12,297,454,"N",412,"Alive"
"489",52,"Tomanamus","WA",2024,2024-07-18,105,12.75,"Alive","Browsed",2022-03-12,297,454,"Y",859,"Alive"
"490",52,"Tomanamus","WA",2025,2025-07-31,135,15.2,"Alive","browsed, lost middle",2022-03-12,297,454,"Y",1237,"Alive"
"491",53,"Tomanamus","OR",2022,2022-02-07,91.8,7.4,"Alive",NA,2022-03-12,53,NA,"N",-33,"Alive"
"492",53,"Tomanamus","OR",2023,2023-04-28,98,10.1,"Alive","55% dead, dead top",2022-03-12,53,NA,"N",412,"Alive"
"493",53,"Tomanamus","OR",2024,2024-07-18,NA,NA,"Missing",NA,2022-03-12,53,NA,"N",859,"Alive"
"494",53,"Tomanamus","OR",2025,2025-07-31,NA,NA,"Alive","Existing but not accessible",2022-03-12,53,NA,"N",1237,"Alive"
"495",53,"Tomanamus","WA",2022,2022-02-07,100.2,11,"Alive",NA,2022-03-12,298,455,"N",-33,"Alive"
"496",53,"Tomanamus","WA",2023,2023-04-28,95,12,"Alive","browsed top and  lateral",2022-03-12,298,455,"Y",412,"Alive"
"497",53,"Tomanamus","WA",2024,2024-07-18,105,11.5,"Alive","Browsed",2022-03-12,298,455,"Y",859,"Alive"
"498",53,"Tomanamus","WA",2025,2025-07-31,127,14.6,"Alive","browsed",2022-03-12,298,455,"Y",1237,"Alive"
"499",54,"Tomanamus","OR",2022,2022-02-07,88.2,9.2,"Alive",NA,2022-03-12,54,NA,"N",-33,"Alive"
"500",54,"Tomanamus","OR",2023,2023-04-28,87,9.7,"Alive",NA,2022-03-12,54,NA,"N",412,"Alive"
"501",54,"Tomanamus","OR",2024,2024-07-18,NA,NA,"Missing",NA,2022-03-12,54,NA,"N",859,"Alive"
"502",54,"Tomanamus","OR",2025,2025-07-31,122,17.8,"Alive","Dead branches on terminal",2022-03-12,54,NA,"N",1237,"Alive"
"503",54,"Tomanamus","WA",2022,2022-02-07,73,11,"Alive",NA,2022-03-12,299,456,"N",-33,"Alive"
"504",54,"Tomanamus","WA",2023,2023-04-28,64,12.9,"Alive","browsed top, missing tag",2022-03-12,299,456,"Y",412,"Alive"
"505",54,"Tomanamus","WA",2024,2024-07-18,65,12.75,"Alive","Browsed",2022-03-12,299,456,"Y",859,"Alive"
"506",54,"Tomanamus","WA",2025,2025-07-31,77,15.1,"Alive","browsed",2022-03-12,299,456,"Y",1237,"Alive"
"507",55,"Tomanamus","OR",2022,2022-02-07,86.2,7.4,"Alive",NA,2022-03-12,55,NA,"N",-33,"Alive"
"508",55,"Tomanamus","OR",2023,2023-04-28,96,10.5,"Alive","60% dead",2022-03-12,55,NA,"N",412,"Alive"
"509",55,"Tomanamus","OR",2024,2024-07-18,NA,NA,"Missing",NA,2022-03-12,55,NA,"N",859,"Alive"
"510",55,"Tomanamus","OR",2025,2025-07-31,111,13.4,"Alive","Browsed",2022-03-12,55,NA,"Y",1237,"Alive"
"511",55,"Tomanamus","WA",2022,2022-02-07,102.4,11,"Alive",NA,2022-03-12,300,457,"N",-33,"Alive"
"512",55,"Tomanamus","WA",2023,2023-04-28,104,12,"Alive",NA,2022-03-12,300,457,"N",412,"Alive"
"513",55,"Tomanamus","WA",2024,2024-07-18,105,11.08,"Alive",NA,2022-03-12,300,457,"N",859,"Alive"
"514",55,"Tomanamus","WA",2025,2025-07-31,113,14.2,"Alive","terminal browsed",2022-03-12,300,457,"Y",1237,"Alive"
"515",56,"Tomanamus","OR",2022,2022-02-07,68,5,"Alive",NA,2022-03-12,56,NA,"N",-33,"Alive"
"516",56,"Tomanamus","OR",2023,2023-04-28,73,8.8,"Alive","5% dead",2022-03-12,56,NA,"N",412,"Alive"
"517",56,"Tomanamus","OR",2024,2024-07-18,NA,NA,"Missing",NA,2022-03-12,56,NA,"N",859,"Alive"
"518",56,"Tomanamus","OR",2025,2025-07-31,168,22.8,"Alive",NA,2022-03-12,56,NA,"N",1237,"Alive"
"519",56,"Tomanamus","WA",2022,2022-02-07,105.2,12,"Alive",NA,2022-03-12,301,458,"N",-33,"Alive"
"520",56,"Tomanamus","WA",2023,2023-04-28,93,11.7,"Alive","browsed top and  lateral, 50% dead",2022-03-12,301,458,"Y",412,"Alive"
"521",56,"Tomanamus","WA",2024,2024-07-18,105,11.85,"Alive","Browsed",2022-03-12,301,458,"Y",859,"Alive"
"522",56,"Tomanamus","WA",2025,2025-07-31,125,14.2,"Alive","middle browsed",2022-03-12,301,458,"Y",1237,"Alive"
"523",57,"Tomanamus","OR",2022,2022-02-07,85.6,8.7,"Alive",NA,2022-03-12,57,NA,"N",-33,"Alive"
"524",57,"Tomanamus","OR",2023,2023-04-28,84,10.4,"Alive","60% dead, 2 leaders",2022-03-12,57,NA,"N",412,"Alive"
"525",57,"Tomanamus","OR",2024,2024-07-18,NA,NA,"Missing",NA,2022-03-12,57,NA,"N",859,"Alive"
"526",57,"Tomanamus","OR",2025,2025-07-31,142,16.1,"Alive","Browsed",2022-03-12,57,NA,"Y",1237,"Alive"
"527",57,"Tomanamus","WA",2022,2022-02-07,106.6,11,"Alive",NA,2022-03-12,302,459,"N",-33,"Alive"
"528",57,"Tomanamus","WA",2023,2023-04-28,97,11.6,"Alive","browsed top",2022-03-12,302,459,"Y",412,"Alive"
"529",57,"Tomanamus","WA",2024,2024-07-18,97,15.22,"Alive","Browsed",2022-03-12,302,459,"Y",859,"Alive"
"530",57,"Tomanamus","WA",2025,2025-07-31,157,24.5,"Alive","flagging, browsed",2022-03-12,302,459,"Y",1237,"Alive"
"531",58,"Tomanamus","OR",2022,2022-02-07,68.8,6.4,"Alive",NA,2022-03-12,58,NA,"N",-33,"Alive"
"532",58,"Tomanamus","OR",2023,2023-04-28,80,9.6,"Alive","5% dead",2022-03-12,58,NA,"N",412,"Alive"
"533",58,"Tomanamus","OR",2024,2024-07-18,NA,NA,"Missing",NA,2022-03-12,58,NA,"N",859,"Alive"
"534",58,"Tomanamus","OR",2025,2025-07-31,95,20.2,"Alive",NA,2022-03-12,58,NA,"N",1237,"Alive"
"535",58,"Tomanamus","WA",2022,2022-02-07,91,12,"Alive",NA,2022-03-12,303,460,"N",-33,"Alive"
"536",58,"Tomanamus","WA",2023,2023-04-28,100,14.7,"Alive","browsed lateral",2022-03-12,303,460,"Y",412,"Alive"
"537",58,"Tomanamus","WA",2024,2024-07-18,139,18,"Alive",NA,2022-03-12,303,460,"N",859,"Alive"
"538",58,"Tomanamus","WA",2025,2025-07-31,179,30.2,"Alive","flagging",2022-03-12,303,460,"N",1237,"Alive"
"539",59,"Tomanamus","OR",2022,2022-02-07,88.6,6.9,"Alive",NA,2022-03-12,59,NA,"N",-33,"Alive"
"540",59,"Tomanamus","OR",2023,2023-04-28,92,9.7,"Alive","20% dead",2022-03-12,59,NA,"N",412,"Alive"
"541",59,"Tomanamus","OR",2024,2024-07-18,NA,NA,"Missing",NA,2022-03-12,59,NA,"N",859,"Alive"
"542",59,"Tomanamus","OR",2025,2025-07-31,133,18.1,"Alive","Browsed",2022-03-12,59,NA,"Y",1237,"Alive"
"543",59,"Tomanamus","WA",2022,2022-02-07,66.8,9.5,"Alive",NA,2022-03-12,304,461,"N",-33,"Alive"
"544",59,"Tomanamus","WA",2023,2023-04-28,58,9.6,"Alive","browsed top",2022-03-12,304,461,"Y",412,"Alive"
"545",59,"Tomanamus","WA",2024,2024-07-18,67,12.5,"Alive",NA,2022-03-12,304,461,"N",859,"Alive"
"546",59,"Tomanamus","WA",2025,2025-07-31,96,21.7,"Alive","browsed",2022-03-12,304,461,"Y",1237,"Alive"
"547",60,"Tomanamus","OR",2022,2022-02-07,87.4,7.8,"Alive",NA,2022-03-12,60,NA,"N",-33,"Alive"
"548",60,"Tomanamus","OR",2023,2023-04-28,89,9.1,"Alive","30% dead",2022-03-12,60,NA,"N",412,"Alive"
"549",60,"Tomanamus","OR",2024,2024-07-18,NA,NA,"Missing",NA,2022-03-12,60,NA,"N",859,"Alive"
"550",60,"Tomanamus","OR",2025,2025-07-31,156,20.9,"Alive","Browsed",2022-03-12,60,NA,"Y",1237,"Alive"
"551",60,"Tomanamus","WA",2022,2022-02-07,93.8,12,"Alive",NA,2022-03-12,305,462,"N",-33,"Alive"
"552",60,"Tomanamus","WA",2023,2023-04-28,83,13.2,"Alive","browsed top",2022-03-12,305,462,"Y",412,"Alive"
"553",60,"Tomanamus","WA",2024,2024-07-18,83,12.5,"Alive",NA,2022-03-12,305,462,"N",859,"Alive"
"554",60,"Tomanamus","WA",2025,2025-07-31,118,22.9,"Alive","flagging",2022-03-12,305,462,"N",1237,"Alive"
"555",61,"Tomanamus","OR",2022,2022-02-07,31.8,2.5,"Alive",NA,2022-03-12,61,NA,"N",-33,"Alive"
"556",61,"Tomanamus","OR",2023,2023-04-28,31,6.4,"Alive","top browsed",2022-03-12,61,NA,"Y",412,"Alive"
"557",61,"Tomanamus","OR",2024,2024-07-18,NA,NA,"Missing",NA,2022-03-12,61,NA,"N",859,"Alive"
"558",61,"Tomanamus","OR",2025,2025-07-31,68,15.7,"Alive",NA,2022-03-12,61,NA,"N",1237,"Alive"
"559",61,"Tomanamus","WA",2022,2022-02-07,95.4,9,"Alive",NA,2022-03-12,306,NA,"N",-33,"Alive"
"560",61,"Tomanamus","WA",2023,2023-04-28,80,11.1,"Alive","browsed top",2022-03-12,306,NA,"Y",412,"Alive"
"561",62,"Tomanamus","OR",2022,2022-02-07,103.8,7.6,"Alive",NA,2022-03-12,62,NA,"N",-33,"Alive"
"562",62,"Tomanamus","OR",2023,2023-04-28,97,9.9,"Alive","90% dead, top browsed",2022-03-12,62,NA,"Y",412,"Alive"
"563",62,"Tomanamus","OR",2024,2024-07-18,NA,NA,"Dead",NA,2022-03-12,62,NA,"N",859,"Alive"
"564",62,"Tomanamus","OR",2025,2025-07-31,156,22,"Alive","Browsed",2022-03-12,62,NA,"Y",1237,"Alive"
"565",62,"Tomanamus","WA",2022,2022-02-07,98,11,"Alive",NA,2022-03-12,307,463,"N",-33,"Alive"
"566",62,"Tomanamus","WA",2023,2023-04-28,86,11.3,"Alive","browsed top, 70% dead",2022-03-12,307,463,"Y",412,"Alive"
"567",62,"Tomanamus","WA",2024,2024-07-18,95,15.2,"Alive",NA,2022-03-12,307,463,"N",859,"Alive"
"568",62,"Tomanamus","WA",2025,2025-07-31,115,18.7,"Alive",NA,2022-03-12,307,463,"N",1237,"Alive"
"569",63,"Tomanamus","OR",2022,2022-02-07,53.2,3.6,"Alive",NA,2022-03-12,63,NA,"N",-33,"Alive"
"570",63,"Tomanamus","OR",2023,2023-04-28,50,8.9,"Alive","5% dead, top browsed, 2 leaders",2022-03-12,63,NA,"Y",412,"Alive"
"571",63,"Tomanamus","OR",2024,2024-07-18,NA,NA,"Missing",NA,2022-03-12,63,NA,"N",859,"Alive"
"572",63,"Tomanamus","OR",2025,2025-07-31,65,16.5,"Alive",NA,2022-03-12,63,NA,"N",1237,"Alive"
"573",63,"Tomanamus","WA",2022,2022-02-07,84.2,9.5,"Alive",NA,2022-03-12,308,466,"N",-33,"Alive"
"574",63,"Tomanamus","WA",2023,2023-04-28,77,11.7,"Alive","browsed top",2022-03-12,308,466,"Y",412,"Alive"
"575",63,"Tomanamus","WA",2024,2024-07-18,88,15,"Alive",NA,2022-03-12,308,466,"N",859,"Alive"
"576",63,"Tomanamus","WA",2025,2025-07-31,112,21.7,"Alive","dieback, flagging",2022-03-12,308,466,"N",1237,"Alive"
"577",64,"Tomanamus","OR",2022,2022-02-07,87.6,7.5,"Alive",NA,2022-03-12,64,NA,"N",-33,"Alive"
"578",64,"Tomanamus","OR",2023,2023-04-28,96,12.6,"Alive","75% dead, browsed, top dead",2022-03-12,64,NA,"Y",412,"Alive"
"579",64,"Tomanamus","OR",2024,2024-07-18,NA,NA,"Dead",NA,2022-03-12,64,NA,"N",859,"Alive"
"580",64,"Tomanamus","OR",2025,2025-07-31,125,24,"Alive",NA,2022-03-12,64,NA,"N",1237,"Alive"
"581",64,"Tomanamus","WA",2022,2022-02-07,93.4,11.5,"Alive",NA,2022-03-12,309,NA,"N",-33,"Missing"
"582",64,"Tomanamus","WA",2023,2023-04-28,89,12.5,"Alive","browsed top",2022-03-12,309,NA,"Y",412,"Missing"
"583",64,"Tomanamus","WA",2024,2024-07-18,NA,NA,"Missing",NA,2022-03-12,309,NA,"N",859,"Missing"
"584",64,"Tomanamus","WA",2025,2025-07-31,NA,NA,"Missing",NA,2022-03-12,309,NA,"N",1237,"Missing"
"585",65,"Tomanamus","OR",2022,2022-02-07,73,8.3,"Alive",NA,2022-03-12,65,NA,"N",-33,"Alive"
"586",65,"Tomanamus","OR",2023,2023-04-28,24,10.8,"Alive","broken at base but resprouted",2022-03-12,65,NA,"N",412,"Alive"
"587",65,"Tomanamus","OR",2024,2024-07-18,NA,NA,"Missing",NA,2022-03-12,65,NA,"N",859,"Alive"
"588",65,"Tomanamus","OR",2025,2025-07-31,56,17,"Alive","Browsed",2022-03-12,65,NA,"Y",1237,"Alive"
"589",65,"Tomanamus","WA",2022,2022-02-07,93.8,10,"Alive",NA,2022-03-12,310,NA,"N",-33,"Missing"
"590",65,"Tomanamus","WA",2023,2023-04-28,91,9.7,"Alive","browsed top",2022-03-12,310,NA,"Y",412,"Missing"
"591",65,"Tomanamus","WA",2024,2024-07-18,NA,NA,"Missing",NA,2022-03-12,310,NA,"N",859,"Missing"
"592",65,"Tomanamus","WA",2025,2025-07-31,NA,NA,"Missing",NA,2022-03-12,310,NA,"N",1237,"Missing"
"593",66,"Tomanamus","OR",2022,2022-02-07,72.4,5.4,"Alive",NA,2022-03-12,66,NA,"N",-33,"Alive"
"594",66,"Tomanamus","OR",2023,2023-04-28,79,12.2,"Alive","40% dead",2022-03-12,66,NA,"N",412,"Alive"
"595",66,"Tomanamus","OR",2024,2024-07-18,NA,NA,"Missing",NA,2022-03-12,66,NA,"N",859,"Alive"
"596",66,"Tomanamus","OR",2025,2025-07-31,180,26.6,"Alive",NA,2022-03-12,66,NA,"N",1237,"Alive"
"597",66,"Tomanamus","WA",2022,2022-02-07,73.6,7,"Alive",NA,2022-03-12,311,NA,"N",-33,"Missing"
"598",66,"Tomanamus","WA",2023,2023-04-28,58,11.3,"Alive","browsed top, 50% dead",2022-03-12,311,NA,"Y",412,"Missing"
"599",66,"Tomanamus","WA",2024,2024-07-18,NA,NA,"Missing",NA,2022-03-12,311,NA,"N",859,"Missing"
"600",66,"Tomanamus","WA",2025,2025-07-31,NA,NA,"Missing",NA,2022-03-12,311,NA,"N",1237,"Missing"
"601",67,"Tomanamus","OR",2022,2022-02-07,85,5.7,"Alive",NA,2022-03-12,67,NA,"N",-33,"Alive"
"602",67,"Tomanamus","OR",2023,2023-04-28,77,9,"Alive","15% dead, top browsed",2022-03-12,67,NA,"Y",412,"Alive"
"603",67,"Tomanamus","OR",2024,2024-07-18,NA,NA,"Missing",NA,2022-03-12,67,NA,"N",859,"Alive"
"604",67,"Tomanamus","OR",2025,2025-07-31,92,20.5,"Alive",NA,2022-03-12,67,NA,"N",1237,"Alive"
"605",67,"Tomanamus","WA",2022,2022-02-07,81.8,14,"Alive",NA,2022-03-12,312,NA,"N",-33,"Missing"
"606",67,"Tomanamus","WA",2023,2023-04-28,74,7.8,"Alive","browsed top",2022-03-12,312,NA,"Y",412,"Missing"
"607",67,"Tomanamus","WA",2024,2024-07-18,NA,NA,"Missing",NA,2022-03-12,312,NA,"N",859,"Missing"
"608",67,"Tomanamus","WA",2025,2025-07-31,NA,NA,"Missing",NA,2022-03-12,312,NA,"N",1237,"Missing"
"609",68,"Tomanamus","OR",2022,2022-02-07,79.4,7.2,"Alive","two tops",2022-03-12,68,NA,"N",-33,"Alive"
"610",68,"Tomanamus","OR",2023,2023-04-28,81,9,"Alive","5% dead, top browsed",2022-03-12,68,NA,"Y",412,"Alive"
"611",68,"Tomanamus","OR",2024,2024-07-18,NA,NA,"Missing",NA,2022-03-12,68,NA,"N",859,"Alive"
"612",68,"Tomanamus","OR",2025,2025-07-31,124,26.6,"Alive",NA,2022-03-12,68,NA,"N",1237,"Alive"
"613",68,"Tomanamus","WA",2022,2022-02-07,90,13,"Alive",NA,2022-03-12,313,NA,"N",-33,"Missing"
"614",68,"Tomanamus","WA",2023,2023-04-28,80,12.7,"Alive","browsed top and  lateral",2022-03-12,313,NA,"Y",412,"Missing"
"615",68,"Tomanamus","WA",2024,2024-07-18,NA,NA,"Missing",NA,2022-03-12,313,NA,"N",859,"Missing"
"616",68,"Tomanamus","WA",2025,2025-07-31,NA,NA,"Missing",NA,2022-03-12,313,NA,"N",1237,"Missing"
"617",69,"Tomanamus","OR",2022,2022-02-07,45,4.7,"Alive",NA,2022-03-12,69,NA,"N",-33,"Alive"
"618",69,"Tomanamus","OR",2023,2023-04-28,43,7.6,"Alive","40% dead, top browsed",2022-03-12,69,NA,"Y",412,"Alive"
"619",69,"Tomanamus","OR",2024,2024-07-18,NA,NA,"Missing",NA,2022-03-12,69,NA,"N",859,"Alive"
"620",69,"Tomanamus","OR",2025,2025-07-31,107,19.9,"Alive","Browsed",2022-03-12,69,NA,"Y",1237,"Alive"
"621",69,"Tomanamus","WA",2022,2022-02-07,79,10,"Alive",NA,2022-03-12,314,NA,"N",-33,"Missing"
"622",69,"Tomanamus","WA",2023,2023-04-28,60,11.1,"Alive","browsed top",2022-03-12,314,NA,"Y",412,"Missing"
"623",69,"Tomanamus","WA",2024,2024-07-18,NA,NA,"Missing",NA,2022-03-12,314,NA,"N",859,"Missing"
"624",69,"Tomanamus","WA",2025,2025-07-31,NA,NA,"Missing",NA,2022-03-12,314,NA,"N",1237,"Missing"
"625",70,"Tomanamus","OR",2022,2022-02-07,94.6,7.5,"Alive",NA,2022-03-12,70,NA,"N",-33,"Alive"
"626",70,"Tomanamus","OR",2023,2023-04-28,94,13.3,"Alive","10% dead,top browsed",2022-03-12,70,NA,"Y",412,"Alive"
"627",70,"Tomanamus","OR",2024,2024-07-18,NA,NA,"Missing",NA,2022-03-12,70,NA,"N",859,"Alive"
"628",70,"Tomanamus","OR",2025,2025-07-31,125,29,"Alive",NA,2022-03-12,70,NA,"N",1237,"Alive"
"629",70,"Tomanamus","WA",2022,2022-02-07,106,13.5,"Alive",NA,2022-03-12,315,304,"N",-33,"Alive"
"630",70,"Tomanamus","WA",2023,2023-04-28,104,14.9,"Alive","browsed top",2022-03-12,315,304,"Y",412,"Alive"
"631",70,"Tomanamus","WA",2024,2024-07-18,75,14,"Alive","Browsed",2022-03-12,315,304,"Y",859,"Alive"
"632",70,"Tomanamus","WA",2025,2025-07-31,92,23.9,"Alive","browsed",2022-03-12,315,304,"Y",1237,"Alive"
"633",71,"Tomanamus","OR",2022,2022-02-07,74,6.1,"Alive","three tops",2022-03-12,71,NA,"N",-33,"Alive"
"634",71,"Tomanamus","OR",2023,2023-04-28,83,11.5,"Alive","5% dead, 3 leaders",2022-03-12,71,NA,"N",412,"Alive"
"635",71,"Tomanamus","OR",2024,2024-07-18,NA,NA,"Missing",NA,2022-03-12,71,NA,"N",859,"Alive"
"636",71,"Tomanamus","OR",2025,2025-07-31,128,21.1,"Alive",NA,2022-03-12,71,NA,"N",1237,"Alive"
"637",71,"Tomanamus","WA",2022,2022-02-07,66.8,6.5,"Alive",NA,2022-03-12,316,NA,"N",-33,"Missing"
"638",71,"Tomanamus","WA",2023,2023-04-28,63,8.6,"Alive","browsed top, missing tag",2022-03-12,316,NA,"Y",412,"Missing"
"639",71,"Tomanamus","WA",2024,2024-07-18,NA,NA,"Missing",NA,2022-03-12,316,NA,"N",859,"Missing"
"640",71,"Tomanamus","WA",2025,2025-07-31,NA,NA,"Missing",NA,2022-03-12,316,NA,"N",1237,"Missing"
"641",72,"Tomanamus","OR",2022,2022-02-07,91,8.4,"Alive",NA,2022-03-12,72,NA,"N",-33,"Alive"
"642",72,"Tomanamus","OR",2023,2023-04-28,92,11.6,"Alive",NA,2022-03-12,72,NA,"N",412,"Alive"
"643",72,"Tomanamus","OR",2024,2024-07-18,NA,NA,"Missing",NA,2022-03-12,72,NA,"N",859,"Alive"
"644",72,"Tomanamus","OR",2025,2025-07-31,130,19.6,"Alive",NA,2022-03-12,72,NA,"N",1237,"Alive"
"645",72,"Tomanamus","WA",2022,2022-02-07,96.4,10,"Alive",NA,2022-03-12,317,308,"N",-33,"Alive"
"646",72,"Tomanamus","WA",2023,2023-04-28,101,10.7,"Alive","browsed lateral",2022-03-12,317,308,"Y",412,"Alive"
"647",72,"Tomanamus","WA",2024,2024-07-18,112,14.8,"Alive","Browsed",2022-03-12,317,308,"Y",859,"Alive"
"648",72,"Tomanamus","WA",2025,2025-07-31,130,21.9,"Alive","middle",2022-03-12,317,308,"N",1237,"Alive"
"649",73,"Tomanamus","OR",2022,2022-02-07,85.8,7.9,"Alive",NA,2022-03-12,73,NA,"N",-33,"Alive"
"650",73,"Tomanamus","OR",2023,2023-04-28,88,10.5,"Alive",NA,2022-03-12,73,NA,"N",412,"Alive"
"651",73,"Tomanamus","OR",2024,2024-07-18,NA,NA,"Missing",NA,2022-03-12,73,NA,"N",859,"Alive"
"652",73,"Tomanamus","OR",2025,2025-07-31,160,22.6,"Alive",NA,2022-03-12,73,NA,"N",1237,"Alive"
"653",73,"Tomanamus","WA",2022,2022-02-07,94.8,11.5,"Alive",NA,2022-03-12,318,309,"N",-33,"Alive"
"654",73,"Tomanamus","WA",2023,2023-04-28,83,11.9,"Alive","browsed top",2022-03-12,318,309,"Y",412,"Alive"
"655",73,"Tomanamus","WA",2024,2024-07-18,82,18.2,"Alive","Browsed",2022-03-12,318,309,"Y",859,"Alive"
"656",73,"Tomanamus","WA",2025,2025-07-31,96,21.8,"Alive","browsed",2022-03-12,318,309,"Y",1237,"Alive"
"657",74,"Tomanamus","OR",2022,2022-02-07,81.6,11,"Alive",NA,2022-03-12,74,NA,"N",-33,"Missing"
"658",74,"Tomanamus","OR",2023,2023-04-28,69,10.7,"Alive","30% dead, top browsed",2022-03-12,74,NA,"Y",412,"Missing"
"659",74,"Tomanamus","OR",2024,2024-07-18,NA,NA,"Missing",NA,2022-03-12,74,NA,"N",859,"Missing"
"660",74,"Tomanamus","OR",2025,2025-07-31,NA,NA,"Missing",NA,2022-03-12,74,NA,"N",1237,"Missing"
"661",74,"Tomanamus","WA",2022,2022-02-07,62.2,7,"Alive",NA,2022-03-12,319,310,"N",-33,"Alive"
"662",74,"Tomanamus","WA",2023,2023-04-28,74,8.9,"Alive","browsed",2022-03-12,319,310,"Y",412,"Alive"
"663",74,"Tomanamus","WA",2024,2024-07-18,70,11,"Alive",NA,2022-03-12,319,310,"N",859,"Alive"
"664",74,"Tomanamus","WA",2025,2025-07-31,98,15.6,"Alive","flagging",2022-03-12,319,310,"N",1237,"Alive"
"665",75,"Tomanamus","OR",2022,2022-02-07,91.6,10,"Alive",NA,2022-03-12,75,NA,"N",-33,"Missing"
"666",75,"Tomanamus","OR",2023,2023-04-28,84,10.3,"Alive","20% dead, top browsed",2022-03-12,75,NA,"Y",412,"Missing"
"667",75,"Tomanamus","OR",2024,2024-07-18,NA,NA,"Missing",NA,2022-03-12,75,NA,"N",859,"Missing"
"668",75,"Tomanamus","OR",2025,2025-07-31,NA,NA,"Missing",NA,2022-03-12,75,NA,"N",1237,"Missing"
"669",75,"Tomanamus","WA",2022,2022-02-07,102.2,11,"Alive",NA,2022-03-12,320,NA,"N",-33,"Alive"
"670",75,"Tomanamus","WA",2023,2023-04-28,97,14.3,"Alive",NA,2022-03-12,320,NA,"N",412,"Alive"
"671",75,"Tomanamus","WA",2024,2024-07-18,NA,NA,"Missing",NA,2022-03-12,320,NA,"N",859,"Alive"
"672",75,"Tomanamus","WA",2025,2025-07-31,133,19,"Alive","browsed",2022-03-12,320,NA,"Y",1237,"Alive"
"673",76,"Tomanamus","OR",2022,2022-02-07,78.4,9,"Alive",NA,2022-03-12,76,264,"N",-33,"Alive"
"674",76,"Tomanamus","OR",2023,2023-04-28,80,10,"Alive",NA,2022-03-12,76,264,"N",412,"Alive"
"675",76,"Tomanamus","OR",2024,2024-07-18,92,12.5,"Alive",NA,2022-03-12,76,264,"N",859,"Alive"
"676",76,"Tomanamus","OR",2025,2025-07-31,130,16,"Alive",NA,2022-03-12,76,264,"N",1237,"Alive"
"677",76,"Tomanamus","WA",2022,2022-02-07,93.6,10.5,"Alive",NA,2022-03-12,321,401,"N",-33,"Alive"
"678",76,"Tomanamus","WA",2023,2023-04-28,99.5,11.5,"Alive","20% branches dead",2022-03-12,321,401,"N",412,"Alive"
"679",76,"Tomanamus","WA",2024,2024-07-18,116,11.6,"Alive","Thimble berry",2022-03-12,321,401,"N",859,"Alive"
"680",76,"Tomanamus","WA",2025,2025-07-31,155,13.54,"Alive","middle crown missing",2022-03-12,321,401,"N",1237,"Alive"
"681",77,"Tomanamus","OR",2022,2022-02-07,101,11,"Alive",NA,2022-03-12,77,265,"N",-33,"Alive"
"682",77,"Tomanamus","OR",2023,2023-04-28,118,12.6,"Alive",NA,2022-03-12,77,265,"N",412,"Alive"
"683",77,"Tomanamus","OR",2024,2024-07-18,139,11.7,"Alive",NA,2022-03-12,77,265,"N",859,"Alive"
"684",77,"Tomanamus","OR",2025,2025-07-31,154,14.1,"Alive","Browsed, bare middle",2022-03-12,77,265,"Y",1237,"Alive"
"685",77,"Tomanamus","WA",2022,2022-02-07,102,13,"Alive",NA,2022-03-12,322,402,"N",-33,"Alive"
"686",77,"Tomanamus","WA",2023,2023-04-28,104.5,12.3,"Alive","25% branches dead",2022-03-12,322,402,"N",412,"Alive"
"687",77,"Tomanamus","WA",2024,2024-07-18,127,15.2,"Alive","Thimble Berry",2022-03-12,322,402,"N",859,"Alive"
"688",77,"Tomanamus","WA",2025,2025-07-31,167,26.5,"Alive","brown foliage",2022-03-12,322,402,"N",1237,"Alive"
"689",78,"Tomanamus","OR",2022,2022-02-07,90.6,10,"Alive",NA,2022-03-12,78,266,"N",-33,"Alive"
"690",78,"Tomanamus","OR",2023,2023-04-28,98,8.7,"Alive",NA,2022-03-12,78,266,"N",412,"Alive"
"691",78,"Tomanamus","OR",2024,2024-07-18,120,12.4,"Alive",NA,2022-03-12,78,266,"N",859,"Alive"
"692",78,"Tomanamus","OR",2025,2025-07-31,157,17.4,"Alive",NA,2022-03-12,78,266,"N",1237,"Alive"
"693",78,"Tomanamus","WA",2022,2022-02-07,73,9.5,"Alive",NA,2022-03-12,323,403,"N",-33,"Alive"
"694",78,"Tomanamus","WA",2023,2023-04-28,66,11.2,"Alive","20% branches deas, top browse",2022-03-12,323,403,"N",412,"Alive"
"695",78,"Tomanamus","WA",2024,2024-07-18,73,9.9,"Alive","Severe Browsing",2022-03-12,323,403,"N",859,"Alive"
"696",78,"Tomanamus","WA",2025,2025-07-31,87,12,"Alive",NA,2022-03-12,323,403,"N",1237,"Alive"
"697",79,"Tomanamus","OR",2022,2022-02-07,92.4,9,"Alive",NA,2022-03-12,79,267,"N",-33,"Alive"
"698",79,"Tomanamus","OR",2023,2023-04-28,99,11.4,"Alive",NA,2022-03-12,79,267,"N",412,"Alive"
"699",79,"Tomanamus","OR",2024,2024-07-18,131,12.3,"Alive",NA,2022-03-12,79,267,"N",859,"Alive"
"700",79,"Tomanamus","OR",2025,2025-07-31,184,21.6,"Alive",NA,2022-03-12,79,267,"N",1237,"Alive"
"701",79,"Tomanamus","WA",2022,2022-02-07,89.6,11.5,"Alive",NA,2022-03-12,324,404,"N",-33,"Alive"
"702",79,"Tomanamus","WA",2023,2023-04-28,92,12.2,"Alive","20% branches dead",2022-03-12,324,404,"N",412,"Alive"
"703",79,"Tomanamus","WA",2024,2024-07-18,126,13.7,"Alive",NA,2022-03-12,324,404,"N",859,"Alive"
"704",79,"Tomanamus","WA",2025,2025-07-31,156,19.3,"Alive",NA,2022-03-12,324,404,"N",1237,"Alive"
"705",80,"Tomanamus","OR",2022,2022-02-07,89.2,7,"Alive",NA,2022-03-12,80,268,"N",-33,"Alive"
"706",80,"Tomanamus","OR",2023,2023-04-28,86,8.5,"Alive","20% dead",2022-03-12,80,268,"N",412,"Alive"
"707",80,"Tomanamus","OR",2024,2024-07-18,112,15.7,"Alive","Browsed Middle",2022-03-12,80,268,"Y",859,"Alive"
"708",80,"Tomanamus","OR",2025,2025-07-31,143,19.2,"Alive","middle browsed",2022-03-12,80,268,"Y",1237,"Alive"
"709",80,"Tomanamus","WA",2022,2022-02-07,96.4,11,"Alive",NA,2022-03-12,325,405,"N",-33,"Alive"
"710",80,"Tomanamus","WA",2023,2023-04-28,92,13.6,"Alive","10% browse, branches browsed",2022-03-12,325,405,"Y",412,"Alive"
"711",80,"Tomanamus","WA",2024,2024-07-18,99,13.2,"Alive","Browsed",2022-03-12,325,405,"Y",859,"Alive"
"712",80,"Tomanamus","WA",2025,2025-07-31,106,18.2,"Alive","browsed",2022-03-12,325,405,"Y",1237,"Alive"
"713",81,"Tomanamus","OR",2022,2022-02-07,72,9.5,"Alive",NA,2022-03-12,81,269,"N",-33,"Alive"
"714",81,"Tomanamus","OR",2023,2023-04-28,74,10.3,"Alive",NA,2022-03-12,81,269,"N",412,"Alive"
"715",81,"Tomanamus","OR",2024,2024-07-18,126,14.9,"Alive",NA,2022-03-12,81,269,"N",859,"Alive"
"716",81,"Tomanamus","OR",2025,2025-07-31,155,19.3,"Alive","browsed",2022-03-12,81,269,"Y",1237,"Alive"
"717",81,"Tomanamus","WA",2022,2022-02-07,91,11.5,"Alive",NA,2022-03-12,326,406,"N",-33,"Alive"
"718",81,"Tomanamus","WA",2023,2023-04-28,81,10.1,"Alive","90% dead, top browsed",2022-03-12,326,406,"Y",412,"Alive"
"719",81,"Tomanamus","WA",2024,2024-07-18,98,9.1,"Alive","Middle browsed",2022-03-12,326,406,"Y",859,"Alive"
"720",81,"Tomanamus","WA",2025,2025-07-31,94,10.9,"Alive","bare crown, only terminal growth alive",2022-03-12,326,406,"N",1237,"Alive"
"721",82,"Tomanamus","OR",2022,2022-02-07,84.4,8,"Alive",NA,2022-03-12,82,270,"N",-33,"Alive"
"722",82,"Tomanamus","OR",2023,2023-04-28,83,10.6,"Alive","browsed lateral",2022-03-12,82,270,"Y",412,"Alive"
"723",82,"Tomanamus","OR",2024,2024-07-18,97,10.8,"Alive","Browsed Middle",2022-03-12,82,270,"Y",859,"Alive"
"724",82,"Tomanamus","OR",2025,2025-07-31,108,16.1,"Alive","middle browsed",2022-03-12,82,270,"Y",1237,"Alive"
"725",82,"Tomanamus","WA",2022,2022-02-07,96.4,9,"Alive",NA,2022-03-12,327,407,"N",-33,"Alive"
"726",82,"Tomanamus","WA",2023,2023-04-28,94,10.9,"Alive","top browsed,10% dead",2022-03-12,327,407,"Y",412,"Alive"
"727",82,"Tomanamus","WA",2024,2024-07-18,123,11.9,"Alive",NA,2022-03-12,327,407,"N",859,"Alive"
"728",82,"Tomanamus","WA",2025,2025-07-31,161,19.8,"Alive",NA,2022-03-12,327,407,"N",1237,"Alive"
"729",83,"Tomanamus","OR",2022,2022-02-07,73.4,6,"Alive",NA,2022-03-12,83,271,"N",-33,"Alive"
"730",83,"Tomanamus","OR",2023,2023-04-28,74,8.8,"Alive","15% dead, top browsed",2022-03-12,83,271,"Y",412,"Alive"
"731",83,"Tomanamus","OR",2024,2024-07-18,81,11,"Alive",NA,2022-03-12,83,271,"N",859,"Alive"
"732",83,"Tomanamus","OR",2025,2025-07-31,110,15.3,"Alive",NA,2022-03-12,83,271,"N",1237,"Alive"
"733",83,"Tomanamus","WA",2022,2022-02-07,86.2,12,"Alive",NA,2022-03-12,328,408,"N",-33,"Alive"
"734",83,"Tomanamus","WA",2023,2023-04-28,76,13.5,"Alive","80% dead, top browsed",2022-03-12,328,408,"Y",412,"Alive"
"735",83,"Tomanamus","WA",2024,2024-07-18,91,15.4,"Alive",NA,2022-03-12,328,408,"N",859,"Alive"
"736",83,"Tomanamus","WA",2025,2025-07-31,98,18,"Alive","browsed",2022-03-12,328,408,"Y",1237,"Alive"
"737",84,"Tomanamus","OR",2022,2022-02-07,86.2,8.5,"Alive",NA,2022-03-12,84,272,"N",-33,"Alive"
"738",84,"Tomanamus","OR",2023,2023-04-28,75,10.9,"Alive","browsed top",2022-03-12,84,272,"Y",412,"Alive"
"739",84,"Tomanamus","OR",2024,2024-07-18,100,8.5,"Alive",NA,2022-03-12,84,272,"N",859,"Alive"
"740",84,"Tomanamus","OR",2025,2025-07-31,138,15.3,"Alive","browsed",2022-03-12,84,272,"Y",1237,"Alive"
"741",84,"Tomanamus","WA",2022,2022-02-07,79.6,11,"Alive",NA,2022-03-12,329,409,"N",-33,"Alive"
"742",84,"Tomanamus","WA",2023,2023-04-28,71,10.4,"Alive","10% dead,top browsed",2022-03-12,329,409,"Y",412,"Alive"
"743",84,"Tomanamus","WA",2024,2024-07-18,107,14.7,"Alive","Slightly Browsed",2022-03-12,329,409,"Y",859,"Alive"
"744",84,"Tomanamus","WA",2025,2025-07-31,152,22.2,"Alive","browsed",2022-03-12,329,409,"Y",1237,"Alive"
"745",85,"Tomanamus","OR",2022,2022-02-07,91,8.5,"Alive",NA,2022-03-12,85,273,"N",-33,"Alive"
"746",85,"Tomanamus","OR",2023,2023-04-28,3.9,2.9,"Alive","mountain beaver damage",2022-03-12,85,273,"N",412,"Alive"
"747",85,"Tomanamus","OR",2024,2024-07-18,49,3.6,"Alive",NA,2022-03-12,85,273,"N",859,"Alive"
"748",85,"Tomanamus","OR",2025,2025-07-31,91,19.9,"Alive","browsed",2022-03-12,85,273,"Y",1237,"Alive"
"749",85,"Tomanamus","WA",2022,2022-02-07,91,10,"Alive",NA,2022-03-12,330,410,"N",-33,"Alive"
"750",85,"Tomanamus","WA",2023,2023-04-28,84.5,10.8,"Alive","60% dead, top browsed",2022-03-12,330,410,"Y",412,"Alive"
"751",85,"Tomanamus","WA",2024,2024-07-18,97,11.2,"Alive","Empty Middle",2022-03-12,330,410,"N",859,"Alive"
"752",85,"Tomanamus","WA",2025,2025-07-31,116,17.4,"Alive","browsed",2022-03-12,330,410,"Y",1237,"Alive"
"753",86,"Tomanamus","OR",2022,2022-02-07,88.8,9,"Alive",NA,2022-03-12,86,274,"N",-33,"Alive"
"754",86,"Tomanamus","OR",2023,2023-04-28,75,11.2,"Alive","browsed top",2022-03-12,86,274,"Y",412,"Alive"
"755",86,"Tomanamus","OR",2024,2024-07-18,96,13.6,"Alive","Yellowing",2022-03-12,86,274,"N",859,"Alive"
"756",86,"Tomanamus","OR",2025,2025-07-31,137,19.8,"Alive","browsed",2022-03-12,86,274,"Y",1237,"Alive"
"757",86,"Tomanamus","WA",2022,2022-02-07,89.4,9,"Alive",NA,2022-03-12,331,411,"N",-33,"Alive"
"758",86,"Tomanamus","WA",2023,2023-04-28,80,11.3,"Alive","20% dead, top browsed",2022-03-12,331,411,"Y",412,"Alive"
"759",86,"Tomanamus","WA",2024,2024-07-18,89,13.2,"Alive","Naked Middle, browsing",2022-03-12,331,411,"N",859,"Alive"
"760",86,"Tomanamus","WA",2025,2025-07-31,110,11.2,"Alive","browsed, middle is naked",2022-03-12,331,411,"Y",1237,"Alive"
"761",87,"Tomanamus","OR",2022,2022-02-07,77.4,7,"Alive",NA,2022-03-12,87,275,"N",-33,"Alive"
"762",87,"Tomanamus","OR",2023,2023-04-28,75,12.9,"Alive","browsed top",2022-03-12,87,275,"Y",412,"Alive"
"763",87,"Tomanamus","OR",2024,2024-07-18,88,11.7,"Alive",NA,2022-03-12,87,275,"N",859,"Alive"
"764",87,"Tomanamus","OR",2025,2025-07-31,105,15.4,"Alive","browsed",2022-03-12,87,275,"Y",1237,"Alive"
"765",87,"Tomanamus","WA",2022,2022-02-07,105.2,12.5,"Alive",NA,2022-03-12,332,412,"N",-33,"Alive"
"766",87,"Tomanamus","WA",2023,2023-04-28,102,12.8,"Alive","15% dead",2022-03-12,332,412,"N",412,"Alive"
"767",87,"Tomanamus","WA",2024,2024-07-18,102,15.2,"Alive","naked middle, browsed",2022-03-12,332,412,"Y",859,"Alive"
"768",87,"Tomanamus","WA",2025,2025-07-31,106,17.8,"Alive","browsed, Bare middle",2022-03-12,332,412,"Y",1237,"Alive"
"769",88,"Tomanamus","OR",2022,2022-02-07,55.2,8,"Alive",NA,2022-03-12,88,276,"N",-33,"Alive"
"770",88,"Tomanamus","OR",2023,2023-04-28,57,10.4,"Alive",NA,2022-03-12,88,276,"N",412,"Alive"
"771",88,"Tomanamus","OR",2024,2024-07-18,63,7.6,"Alive",NA,2022-03-12,88,276,"N",859,"Alive"
"772",88,"Tomanamus","OR",2025,2025-07-31,91,19.9,"Alive","browsed middle",2022-03-12,88,276,"Y",1237,"Alive"
"773",88,"Tomanamus","WA",2022,2022-02-07,100.2,13,"Alive",NA,2022-03-12,333,413,"N",-33,"Alive"
"774",88,"Tomanamus","WA",2023,2023-04-28,101,13.3,"Alive","5% dead",2022-03-12,333,413,"N",412,"Alive"
"775",88,"Tomanamus","WA",2024,2024-07-18,107,12,"Alive","struggling. Browsed",2022-03-12,333,413,"Y",859,"Alive"
"776",88,"Tomanamus","WA",2025,2025-07-31,108,16.5,"Alive","small foliage, dry/brown tips (flagging)",2022-03-12,333,413,"N",1237,"Alive"
"777",89,"Tomanamus","OR",2022,2022-02-07,84.8,9,"Alive",NA,2022-03-12,89,277,"N",-33,"Alive"
"778",89,"Tomanamus","OR",2023,2023-04-28,92,9.7,"Alive",NA,2022-03-12,89,277,"N",412,"Alive"
"779",89,"Tomanamus","OR",2024,2024-07-18,135,9.2,"Alive",NA,2022-03-12,89,277,"N",859,"Alive"
"780",89,"Tomanamus","OR",2025,2025-07-31,155,13,"Alive","browsed, flagging",2022-03-12,89,277,"Y",1237,"Alive"
"781",89,"Tomanamus","WA",2022,2022-02-07,93.6,10.5,"Alive",NA,2022-03-12,334,414,"N",-33,"Alive"
"782",89,"Tomanamus","WA",2023,2023-04-28,99,12.6,"Alive","15% dead",2022-03-12,334,414,"N",412,"Alive"
"783",89,"Tomanamus","WA",2024,2024-07-18,114,15,"Alive","Browsed",2022-03-12,334,414,"Y",859,"Alive"
"784",89,"Tomanamus","WA",2025,2025-07-31,110,17.1,"Alive","browsed, bushy terminal, naked middle",2022-03-12,334,414,"Y",1237,"Alive"
"785",90,"Tomanamus","OR",2022,2022-02-07,90.8,10.5,"Alive",NA,2022-03-12,90,278,"N",-33,"Alive"
"786",90,"Tomanamus","OR",2023,2023-04-28,12,12.2,"Alive","mountain beaver damage",2022-03-12,90,278,"N",412,"Alive"
"787",90,"Tomanamus","OR",2024,2024-07-18,33,11.1,"Alive","Cut in half",2022-03-12,90,278,"N",859,"Alive"
"788",90,"Tomanamus","OR",2025,2025-07-31,45,12,"Alive","very tiny",2022-03-12,90,278,"N",1237,"Alive"
"789",90,"Tomanamus","WA",2022,2022-02-07,96.4,10.5,"Alive",NA,2022-03-12,335,415,"N",-33,"Alive"
"790",90,"Tomanamus","WA",2023,2023-04-28,104,12.7,"Alive","15% dead",2022-03-12,335,415,"N",412,"Alive"
"791",90,"Tomanamus","WA",2024,2024-07-18,115,17,"Alive","Browsed",2022-03-12,335,415,"Y",859,"Alive"
"792",90,"Tomanamus","WA",2025,2025-07-31,123,23.5,"Alive","browsed, skinny, dry, naked middle",2022-03-12,335,415,"Y",1237,"Alive"
"793",91,"Tomanamus","OR",2022,2022-02-07,90.4,8,"Alive",NA,2022-03-12,91,279,"N",-33,"Alive"
"794",91,"Tomanamus","OR",2023,2023-04-28,101,11.7,"Alive",NA,2022-03-12,91,279,"N",412,"Alive"
"795",91,"Tomanamus","OR",2024,2024-07-18,132,13.3,"Alive",NA,2022-03-12,91,279,"N",859,"Alive"
"796",91,"Tomanamus","OR",2025,2025-07-31,155,18.8,"Alive","browsed middle",2022-03-12,91,279,"Y",1237,"Alive"
"797",91,"Tomanamus","WA",2022,2022-02-07,88.4,8.5,"Alive",NA,2022-03-12,336,416,"N",-33,"Alive"
"798",91,"Tomanamus","WA",2023,2023-04-28,77,10.2,"Alive","80% dead, top browsed",2022-03-12,336,416,"Y",412,"Alive"
"799",91,"Tomanamus","WA",2024,2024-07-18,81,8.5,"Alive","Barely alive, browsed",2022-03-12,336,416,"Y",859,"Alive"
"800",91,"Tomanamus","WA",2025,2025-07-31,89,9.4,"Alive","browsed",2022-03-12,336,416,"Y",1237,"Alive"
"801",92,"Tomanamus","OR",2022,2022-02-07,87,8,"Alive",NA,2022-03-12,92,280,"N",-33,"Alive"
"802",92,"Tomanamus","OR",2023,2023-04-28,99,12.7,"Alive",NA,2022-03-12,92,280,"N",412,"Alive"
"803",92,"Tomanamus","OR",2024,2024-07-18,136,13.4,"Alive",NA,2022-03-12,92,280,"N",859,"Alive"
"804",92,"Tomanamus","OR",2025,2025-07-31,176,22.7,"Alive","flagging, browsed",2022-03-12,92,280,"Y",1237,"Alive"
"805",92,"Tomanamus","WA",2022,2022-02-07,86.8,7,"Alive",NA,2022-03-12,337,417,"N",-33,"Alive"
"806",92,"Tomanamus","WA",2023,2023-04-28,86,10.4,"Alive","10% dead,top browsed",2022-03-12,337,417,"Y",412,"Alive"
"807",92,"Tomanamus","WA",2024,2024-07-18,89,9.4,"Alive","Browsed",2022-03-12,337,417,"Y",859,"Alive"
"808",92,"Tomanamus","WA",2025,2025-07-31,111,13.1,"Alive","browsed, naked middle",2022-03-12,337,417,"Y",1237,"Alive"
"809",93,"Tomanamus","OR",2022,2022-02-07,57.8,6,"Alive",NA,2022-03-12,93,281,"N",-33,"Alive"
"810",93,"Tomanamus","OR",2023,2023-04-28,65,8.4,"Alive",NA,2022-03-12,93,281,"N",412,"Alive"
"811",93,"Tomanamus","OR",2024,2024-07-18,76,10.1,"Alive",NA,2022-03-12,93,281,"N",859,"Alive"
"812",93,"Tomanamus","OR",2025,2025-07-31,78,14.5,"Alive","flagging, browsed",2022-03-12,93,281,"Y",1237,"Alive"
"813",93,"Tomanamus","WA",2022,2022-02-07,95,12.5,"Alive",NA,2022-03-12,338,418,"N",-33,"Alive"
"814",93,"Tomanamus","WA",2023,2023-04-28,76,12.2,"Alive","10% dead,top browsed",2022-03-12,338,418,"Y",412,"Alive"
"815",93,"Tomanamus","WA",2024,2024-07-18,98,15.8,"Alive",NA,2022-03-12,338,418,"N",859,"Alive"
"816",93,"Tomanamus","WA",2025,2025-07-31,113,23.1,"Alive","browsed",2022-03-12,338,418,"Y",1237,"Alive"
"817",94,"Tomanamus","OR",2022,2022-02-07,91,9,"Alive",NA,2022-03-12,94,282,"N",-33,"Alive"
"818",94,"Tomanamus","OR",2023,2023-04-28,88,10.6,"Alive",NA,2022-03-12,94,282,"N",412,"Alive"
"819",94,"Tomanamus","OR",2024,2024-07-18,116,14.2,"Alive",NA,2022-03-12,94,282,"N",859,"Alive"
"820",94,"Tomanamus","OR",2025,2025-07-31,158,26.1,"Alive","browsed",2022-03-12,94,282,"Y",1237,"Alive"
"821",94,"Tomanamus","WA",2022,2022-02-07,91.4,12,"Alive",NA,2022-03-12,339,419,"N",-33,"Alive"
"822",94,"Tomanamus","WA",2023,2023-04-28,83,12.4,"Alive","10% dead,top browsed",2022-03-12,339,419,"Y",412,"Alive"
"823",94,"Tomanamus","WA",2024,2024-07-18,106,15.5,"Alive",NA,2022-03-12,339,419,"N",859,"Alive"
"824",94,"Tomanamus","WA",2025,2025-07-31,130,22.5,"Alive","surrounded by thimble, salmon, and stump; doing great",2022-03-12,339,419,"N",1237,"Alive"
"825",95,"Tomanamus","OR",2022,2022-02-07,85,10,"Alive",NA,2022-03-12,95,284,"N",-33,"Alive"
"826",95,"Tomanamus","OR",2023,2023-04-28,77,12.4,"Alive","50% dead, 2 leaders",2022-03-12,95,284,"N",412,"Alive"
"827",95,"Tomanamus","OR",2024,2024-07-18,100,23.3,"Alive",NA,2022-03-12,95,284,"N",859,"Alive"
"828",95,"Tomanamus","OR",2025,2025-07-31,155,32.4,"Alive","flagging",2022-03-12,95,284,"N",1237,"Alive"
"829",95,"Tomanamus","WA",2022,2022-02-07,72,8.5,"Alive",NA,2022-03-12,340,420,"N",-33,"Dead"
"830",95,"Tomanamus","WA",2023,2023-04-28,66,10.8,"Alive","90% dead, top browsed",2022-03-12,340,420,"Y",412,"Dead"
"831",95,"Tomanamus","WA",2024,2024-07-18,66,11,"Dead",NA,2022-03-12,340,420,"N",859,"Dead"
"832",95,"Tomanamus","WA",2025,2025-07-31,NA,NA,"Dead",NA,2022-03-12,340,420,"N",1237,"Dead"
"833",96,"Tomanamus","OR",2022,2022-02-07,67.4,8,"Alive",NA,2022-03-12,96,285,"N",-33,"Alive"
"834",96,"Tomanamus","OR",2023,2023-04-28,80,13.7,"Alive",NA,2022-03-12,96,285,"N",412,"Alive"
"835",96,"Tomanamus","OR",2024,2024-07-18,107,11.3,"Alive",NA,2022-03-12,96,285,"N",859,"Alive"
"836",96,"Tomanamus","OR",2025,2025-07-31,146,25.8,"Alive",NA,2022-03-12,96,285,"N",1237,"Alive"
"837",96,"Tomanamus","WA",2022,2022-02-07,104,10.5,"Alive",NA,2022-03-12,341,421,"N",-33,"Alive"
"838",96,"Tomanamus","WA",2023,2023-04-28,101,12.6,"Alive","branches browsed",2022-03-12,341,421,"Y",412,"Alive"
"839",96,"Tomanamus","WA",2024,2024-07-18,109,13,"Alive","Browsed",2022-03-12,341,421,"Y",859,"Alive"
"840",96,"Tomanamus","WA",2025,2025-07-31,167,25.4,"Alive","thin foliage throughout, near stump",2022-03-12,341,421,"N",1237,"Alive"
"841",97,"Tomanamus","OR",2022,2022-02-07,77,8,"Alive",NA,2022-03-12,97,286,"N",-33,"Alive"
"842",97,"Tomanamus","OR",2023,2023-04-28,89,11,"Alive",NA,2022-03-12,97,286,"N",412,"Alive"
"843",97,"Tomanamus","OR",2024,2024-07-18,123,14.5,"Alive","Browsed",2022-03-12,97,286,"Y",859,"Alive"
"844",97,"Tomanamus","OR",2025,2025-07-31,165,21.8,"Alive","browsed",2022-03-12,97,286,"Y",1237,"Alive"
"845",97,"Tomanamus","WA",2022,2022-02-07,97.4,12.5,"Alive",NA,2022-03-12,342,422,"N",-33,"Alive"
"846",97,"Tomanamus","WA",2023,2023-04-28,89,14.3,"Alive","20% dead, top browsed",2022-03-12,342,422,"Y",412,"Alive"
"847",97,"Tomanamus","WA",2024,2024-07-18,122,14.3,"Alive",NA,2022-03-12,342,422,"N",859,"Alive"
"848",97,"Tomanamus","WA",2025,2025-07-31,148,24.1,"Alive","browsed, near stump",2022-03-12,342,422,"Y",1237,"Alive"
"849",98,"Tomanamus","OR",2022,2022-02-07,69.4,8,"Alive",NA,2022-03-12,98,287,"N",-33,"Alive"
"850",98,"Tomanamus","OR",2023,2023-04-28,76,10,"Alive",NA,2022-03-12,98,287,"N",412,"Alive"
"851",98,"Tomanamus","OR",2024,2024-07-18,114,12.2,"Alive",NA,2022-03-12,98,287,"N",859,"Alive"
"852",98,"Tomanamus","OR",2025,2025-07-31,124,20.4,"Alive","browsed",2022-03-12,98,287,"Y",1237,"Alive"
"853",98,"Tomanamus","WA",2022,2022-02-07,87.4,14.5,"Alive",NA,2022-03-12,343,423,"N",-33,"Alive"
"854",98,"Tomanamus","WA",2023,2023-04-28,75,12.2,"Alive","40% dead, top browsed, missing tag",2022-03-12,343,423,"Y",412,"Alive"
"855",98,"Tomanamus","WA",2024,2024-07-18,92,14.6,"Alive","Browsed",2022-03-12,343,423,"Y",859,"Alive"
"856",98,"Tomanamus","WA",2025,2025-07-31,113,21.8,"Alive",NA,2022-03-12,343,423,"N",1237,"Alive"
"857",99,"Tomanamus","OR",2022,2022-02-07,93.2,11,"Alive",NA,2022-03-12,99,283,"N",-33,"Alive"
"858",99,"Tomanamus","OR",2023,2023-04-28,94,12.5,"Alive",NA,2022-03-12,99,283,"N",412,"Alive"
"859",99,"Tomanamus","OR",2024,2024-07-18,15.8,23,"Alive",NA,2022-03-12,99,283,"N",859,"Alive"
"860",99,"Tomanamus","OR",2025,2025-07-31,190,35.6,"Alive",NA,2022-03-12,99,283,"N",1237,"Alive"
"861",99,"Tomanamus","WA",2022,2022-02-07,104,13.3,"Alive",NA,2022-03-12,344,424,"N",-33,"Alive"
"862",99,"Tomanamus","WA",2023,2023-04-28,97,12.9,"Alive","30% dead, top browsed",2022-03-12,344,424,"Y",412,"Alive"
"863",99,"Tomanamus","WA",2024,2024-07-18,106,13.8,"Alive","Crowded with other plants",2022-03-12,344,424,"N",859,"Alive"
"864",99,"Tomanamus","WA",2025,2025-07-31,160,19.2,"Alive","browsed",2022-03-12,344,424,"Y",1237,"Alive"
"865",100,"Tomanamus","OR",2022,2022-02-07,90.2,8.5,"Alive",NA,2022-03-12,100,288,"N",-33,"Alive"
"866",100,"Tomanamus","OR",2023,2023-04-28,105,12.1,"Alive",NA,2022-03-12,100,288,"N",412,"Alive"
"867",100,"Tomanamus","OR",2024,2024-07-18,158,23,"Alive",NA,2022-03-12,100,288,"N",859,"Alive"
"868",100,"Tomanamus","OR",2025,2025-07-31,230,35.1,"Alive","flagging,browsed",2022-03-12,100,288,"Y",1237,"Alive"
"869",100,"Tomanamus","WA",2022,2022-02-07,91.8,9,"Alive",NA,2022-03-12,345,425,"N",-33,"Alive"
"870",100,"Tomanamus","WA",2023,2023-04-28,103,10.5,"Alive","10% browsed",2022-03-12,345,425,"Y",412,"Alive"
"871",100,"Tomanamus","WA",2024,2024-07-18,123,15.1,"Alive","Crowded with other plants",2022-03-12,345,425,"N",859,"Alive"
"872",100,"Tomanamus","WA",2025,2025-07-31,158,22,"Alive",NA,2022-03-12,345,425,"N",1237,"Alive"
"873",101,"Tomanamus","OR",2022,2022-02-07,76.2,8,"Alive",NA,2022-03-12,101,475,"N",-33,"Alive"
"874",101,"Tomanamus","OR",2023,2023-04-28,82,9.7,"Alive","5% dead, missing tag",2022-03-12,101,475,"N",412,"Alive"
"875",101,"Tomanamus","OR",2024,2024-07-18,110,13,"Alive",NA,2022-03-12,101,475,"N",859,"Alive"
"876",101,"Tomanamus","OR",2025,2025-07-31,119,15.5,"Alive","flagging, dying/dead leaves",2022-03-12,101,475,"N",1237,"Alive"
"877",101,"Tomanamus","WA",2022,2022-02-07,104.6,11,"Alive",NA,2022-03-12,346,426,"N",-33,"Alive"
"878",101,"Tomanamus","WA",2023,2023-04-28,86,11.6,"Alive","Browsed top, top 50% dead",2022-03-12,346,426,"Y",412,"Alive"
"879",101,"Tomanamus","WA",2024,2024-07-18,103,14,"Alive","Crowded by thimble berry, browsed",2022-03-12,346,426,"Y",859,"Alive"
"880",101,"Tomanamus","WA",2025,2025-07-31,151,17.23,"Alive","browsed",2022-03-12,346,426,"Y",1237,"Alive"
"881",102,"Tomanamus","OR",2022,2022-02-07,76.8,8,"Alive",NA,2022-03-12,102,476,"N",-33,"Alive"
"882",102,"Tomanamus","OR",2023,2023-04-28,86,10.5,"Alive","60% dead, dead top",2022-03-12,102,476,"N",412,"Alive"
"883",102,"Tomanamus","OR",2024,2024-07-18,95,12,"Alive",NA,2022-03-12,102,476,"N",859,"Alive"
"884",102,"Tomanamus","OR",2025,2025-07-31,126,15.5,"Alive","browsed",2022-03-12,102,476,"Y",1237,"Alive"
"885",102,"Tomanamus","WA",2022,2022-02-07,92.8,12.5,"Alive",NA,2022-03-12,347,427,"N",-33,"Alive"
"886",102,"Tomanamus","WA",2023,2023-04-28,93,14.9,"Alive","lateral browsed, 50% dead",2022-03-12,347,427,"Y",412,"Alive"
"887",102,"Tomanamus","WA",2024,2024-07-18,124,15,"Alive","Browsed",2022-03-12,347,427,"Y",859,"Alive"
"888",102,"Tomanamus","WA",2025,2025-07-31,145,18.87,"Alive","browsed",2022-03-12,347,427,"Y",1237,"Alive"
"889",103,"Tomanamus","OR",2022,2022-02-07,82,8,"Alive",NA,2022-03-12,103,477,"N",-33,"Alive"
"890",103,"Tomanamus","OR",2023,2023-04-28,87,9.8,"Alive","10% dead",2022-03-12,103,477,"N",412,"Alive"
"891",103,"Tomanamus","OR",2024,2024-07-18,107,14.7,"Alive","Browsed",2022-03-12,103,477,"Y",859,"Alive"
"892",103,"Tomanamus","OR",2025,2025-07-31,124,15.8,"Alive","gash wound on stem",2022-03-12,103,477,"N",1237,"Alive"
"893",103,"Tomanamus","WA",2022,2022-02-07,74.8,7.7,"Alive",NA,2022-03-12,348,428,"N",-33,"Alive"
"894",103,"Tomanamus","WA",2023,2023-04-28,79,9.7,"Alive","40% dead, missing tag",2022-03-12,348,428,"N",412,"Alive"
"895",103,"Tomanamus","WA",2024,2024-07-18,82,14.5,"Alive","Browsed",2022-03-12,348,428,"Y",859,"Alive"
"896",103,"Tomanamus","WA",2025,2025-07-31,86,9.58,"Alive","browsed, lead head bit off",2022-03-12,348,428,"Y",1237,"Alive"
"897",104,"Tomanamus","OR",2022,2022-02-07,80,10,"Alive",NA,2022-03-12,104,478,"N",-33,"Alive"
"898",104,"Tomanamus","OR",2023,2023-04-28,69,8.6,"Alive","20% dead, top browsed",2022-03-12,104,478,"Y",412,"Alive"
"899",104,"Tomanamus","OR",2024,2024-07-18,86,14,"Alive","Browsed",2022-03-12,104,478,"Y",859,"Alive"
"900",104,"Tomanamus","OR",2025,2025-07-31,176,25.6,"Alive","browsed, flagging, 2 leads",2022-03-12,104,478,"Y",1237,"Alive"
"901",104,"Tomanamus","WA",2022,2022-02-07,78,7,"Alive",NA,2022-03-12,349,429,"N",-33,"Dead"
"902",104,"Tomanamus","WA",2023,2023-04-28,82,9.3,"Dead",NA,2022-03-12,349,429,"N",412,"Dead"
"903",104,"Tomanamus","WA",2024,2024-07-18,79,7.4,"Dead","Browsed",2022-03-12,349,429,"Y",859,"Dead"
"904",104,"Tomanamus","WA",2025,2025-07-31,NA,NA,"Dead",NA,2022-03-12,349,429,"N",1237,"Dead"
"905",105,"Tomanamus","OR",2022,2022-02-07,88,9,"Alive",NA,2022-03-12,105,479,"N",-33,"Alive"
"906",105,"Tomanamus","OR",2023,2023-04-28,94,9.7,"Alive","20% dead",2022-03-12,105,479,"N",412,"Alive"
"907",105,"Tomanamus","OR",2024,2024-07-18,127,13.6,"Alive",NA,2022-03-12,105,479,"N",859,"Alive"
"908",105,"Tomanamus","OR",2025,2025-07-31,146,24.94,"Alive",NA,2022-03-12,105,479,"N",1237,"Alive"
"909",105,"Tomanamus","WA",2022,2022-02-07,83.4,9,"Alive",NA,2022-03-12,350,430,"N",-33,"Alive"
"910",105,"Tomanamus","WA",2023,2023-04-28,78,12.9,"Alive","browsed top, 30% dead",2022-03-12,350,430,"Y",412,"Alive"
"911",105,"Tomanamus","WA",2024,2024-07-18,90,14,"Alive","Browsed",2022-03-12,350,430,"Y",859,"Alive"
"912",105,"Tomanamus","WA",2025,2025-07-31,117,17.52,"Alive","flagging",2022-03-12,350,430,"N",1237,"Alive"
"913",106,"Tomanamus","OR",2022,2022-02-07,78.8,10.5,"Alive",NA,2022-03-12,106,480,"N",-33,"Alive"
"914",106,"Tomanamus","OR",2023,2023-04-28,76,13.1,"Alive","10% dead,top browsed",2022-03-12,106,480,"Y",412,"Alive"
"915",106,"Tomanamus","OR",2024,2024-07-18,117,20,"Alive","Browsed",2022-03-12,106,480,"Y",859,"Alive"
"916",106,"Tomanamus","OR",2025,2025-07-31,169,28.7,"Alive",NA,2022-03-12,106,480,"N",1237,"Alive"
"917",106,"Tomanamus","WA",2022,2022-02-07,74.2,5.7,"Alive",NA,2022-03-12,351,431,"N",-33,"Alive"
"918",106,"Tomanamus","WA",2023,2023-04-28,57,7.2,"Alive","browsed top 40% dead",2022-03-12,351,431,"Y",412,"Alive"
"919",106,"Tomanamus","WA",2024,2024-07-18,73,8.1,"Alive","Crowded by thimble berry, browsed",2022-03-12,351,431,"Y",859,"Alive"
"920",106,"Tomanamus","WA",2025,2025-07-31,95,16.38,"Alive",NA,2022-03-12,351,431,"N",1237,"Alive"
"921",107,"Tomanamus","OR",2022,2022-02-07,68.4,7.5,"Alive",NA,2022-03-12,107,481,"N",-33,"Dead"
"922",107,"Tomanamus","OR",2023,2023-04-28,61,6,"Dead",NA,2022-03-12,107,481,"N",412,"Dead"
"923",107,"Tomanamus","OR",2024,2024-07-18,50,5,"Dead","Browsed",2022-03-12,107,481,"Y",859,"Dead"
"924",107,"Tomanamus","OR",2025,2025-07-31,NA,NA,"Dead",NA,2022-03-12,107,481,"N",1237,"Dead"
"925",107,"Tomanamus","WA",2022,2022-02-07,105.4,11.7,"Alive",NA,2022-03-12,352,432,"N",-33,"Alive"
"926",107,"Tomanamus","WA",2023,2023-04-28,110,15.2,"Alive","not browsed",2022-03-12,352,432,"Y",412,"Alive"
"927",107,"Tomanamus","WA",2024,2024-07-18,149,17.8,"Alive","Thistle by cedar",2022-03-12,352,432,"N",859,"Alive"
"928",107,"Tomanamus","WA",2025,2025-07-31,185,24.65,"Alive","stump in radius",2022-03-12,352,432,"N",1237,"Alive"
"929",108,"Tomanamus","OR",2022,2022-02-07,87.6,9.5,"Alive",NA,2022-03-12,108,482,"N",-33,"Alive"
"930",108,"Tomanamus","OR",2023,2023-04-28,94,11.5,"Alive","5% dead",2022-03-12,108,482,"N",412,"Alive"
"931",108,"Tomanamus","OR",2024,2024-07-18,121,19,"Alive",NA,2022-03-12,108,482,"N",859,"Alive"
"932",108,"Tomanamus","OR",2025,2025-07-31,180,35,"Alive","cones emerging, multiple stumps",2022-03-12,108,482,"N",1237,"Alive"
"933",108,"Tomanamus","WA",2022,2022-02-07,99.8,14.5,"Alive",NA,2022-03-12,353,433,"N",-33,"Alive"
"934",108,"Tomanamus","WA",2023,2023-04-28,91,14.8,"Alive","browsed top and upper laterals",2022-03-12,353,433,"Y",412,"Alive"
"935",108,"Tomanamus","WA",2024,2024-07-18,130,19.6,"Alive","Thistle and tree stump",2022-03-12,353,433,"N",859,"Alive"
"936",108,"Tomanamus","WA",2025,2025-07-31,202,29.17,"Alive","stump in radius",2022-03-12,353,433,"N",1237,"Alive"
"937",109,"Tomanamus","OR",2022,2022-02-07,75,8,"Alive",NA,2022-03-12,109,483,"N",-33,"Alive"
"938",109,"Tomanamus","OR",2023,2023-04-28,69,8.6,"Alive","10% dead,top browsed",2022-03-12,109,483,"Y",412,"Alive"
"939",109,"Tomanamus","OR",2024,2024-07-18,104,13.5,"Alive","Browsed",2022-03-12,109,483,"Y",859,"Alive"
"940",109,"Tomanamus","OR",2025,2025-07-31,123,17,"Alive",NA,2022-03-12,109,483,"N",1237,"Alive"
"941",109,"Tomanamus","WA",2022,2022-02-07,92.2,10.6,"Alive",NA,2022-03-12,354,434,"N",-33,"Alive"
"942",109,"Tomanamus","WA",2023,2023-04-28,96,11.3,"Alive",NA,2022-03-12,354,434,"N",412,"Alive"
"943",109,"Tomanamus","WA",2024,2024-07-18,122,17.7,"Alive","Thistle and huckleberry, browsed",2022-03-12,354,434,"Y",859,"Alive"
"944",109,"Tomanamus","WA",2025,2025-07-31,148,19.67,"Alive","stump in radius",2022-03-12,354,434,"N",1237,"Alive"
"945",110,"Tomanamus","OR",2022,2022-02-07,88.8,12,"Alive",NA,2022-03-12,110,484,"N",-33,"Alive"
"946",110,"Tomanamus","OR",2023,2023-04-28,92,12.4,"Alive","15% dead",2022-03-12,110,484,"N",412,"Alive"
"947",110,"Tomanamus","OR",2024,2024-07-18,126,21,"Alive",NA,2022-03-12,110,484,"N",859,"Alive"
"948",110,"Tomanamus","OR",2025,2025-07-31,151,23.7,"Alive","some dead leaves",2022-03-12,110,484,"N",1237,"Alive"
"949",110,"Tomanamus","WA",2022,2022-02-07,89.4,10.2,"Alive",NA,2022-03-12,355,435,"N",-33,"Alive"
"950",110,"Tomanamus","WA",2023,2023-04-28,80,10.9,"Alive","browsed top, missing tag",2022-03-12,355,435,"Y",412,"Alive"
"951",110,"Tomanamus","WA",2024,2024-07-18,89,15,"Alive","by fox glove, browsed",2022-03-12,355,435,"Y",859,"Alive"
"952",110,"Tomanamus","WA",2025,2025-07-31,88,14.36,"Alive",NA,2022-03-12,355,435,"N",1237,"Alive"
"953",111,"Tomanamus","OR",2022,2022-02-07,89,10.5,"Alive",NA,2022-03-12,111,485,"N",-33,"Alive"
"954",111,"Tomanamus","OR",2023,2023-04-28,96,11.2,"Alive","30% dead",2022-03-12,111,485,"N",412,"Alive"
"955",111,"Tomanamus","OR",2024,2024-07-18,121,17.7,"Alive","Browsed",2022-03-12,111,485,"Y",859,"Alive"
"956",111,"Tomanamus","OR",2025,2025-07-31,114,24,"Alive","entirely dead top",2022-03-12,111,485,"N",1237,"Alive"
"957",111,"Tomanamus","WA",2022,2022-02-07,79.6,9.6,"Alive",NA,2022-03-12,356,436,"N",-33,"Alive"
"958",111,"Tomanamus","WA",2023,2023-04-28,63,11.5,"Alive","browsed top, missing tag",2022-03-12,356,436,"Y",412,"Alive"
"959",111,"Tomanamus","WA",2024,2024-07-18,72,12.4,"Alive",NA,2022-03-12,356,436,"N",859,"Alive"
"960",111,"Tomanamus","WA",2025,2025-07-31,84,16.64,"Alive","extremely browsed, Charlie Brown look",2022-03-12,356,436,"Y",1237,"Alive"
"961",112,"Tomanamus","OR",2022,2022-02-07,88.8,10.5,"Alive",NA,2022-03-12,112,486,"N",-33,"Alive"
"962",112,"Tomanamus","OR",2023,2023-04-28,87,12.6,"Alive","20% dead",2022-03-12,112,486,"N",412,"Alive"
"963",112,"Tomanamus","OR",2024,2024-07-18,89,22.4,"Alive","Browsed",2022-03-12,112,486,"Y",859,"Alive"
"964",112,"Tomanamus","OR",2025,2025-07-31,95,25.1,"Alive",NA,2022-03-12,112,486,"N",1237,"Alive"
"965",112,"Tomanamus","WA",2022,2022-02-07,94,9.6,"Alive",NA,2022-03-12,357,437,"N",-33,"Alive"
"966",112,"Tomanamus","WA",2023,2023-04-28,97,10.4,"Alive","not browsed,70% dead, missing tag",2022-03-12,357,437,"Y",412,"Alive"
"967",112,"Tomanamus","WA",2024,2024-07-18,95,10.9,"Alive","by fox glove, browsed",2022-03-12,357,437,"Y",859,"Alive"
"968",112,"Tomanamus","WA",2025,2025-07-31,98,10.78,"Alive",NA,2022-03-12,357,437,"N",1237,"Alive"
"969",113,"Tomanamus","OR",2022,2022-02-07,81.2,7.5,"Alive",NA,2022-03-12,113,487,"N",-33,"Alive"
"970",113,"Tomanamus","OR",2023,2023-04-28,92,9.6,"Alive","40% dead",2022-03-12,113,487,"N",412,"Alive"
"971",113,"Tomanamus","OR",2024,2024-07-18,105,11.5,"Alive","Browsed",2022-03-12,113,487,"Y",859,"Alive"
"972",113,"Tomanamus","OR",2025,2025-07-31,128,17.3,"Alive",NA,2022-03-12,113,487,"N",1237,"Alive"
"973",113,"Tomanamus","WA",2022,2022-02-07,97.8,8.8,"Alive",NA,2022-03-12,358,438,"N",-33,"Alive"
"974",113,"Tomanamus","WA",2023,2023-04-28,80,9.2,"Alive","browsed top",2022-03-12,358,438,"Y",412,"Alive"
"975",113,"Tomanamus","WA",2024,2024-07-18,99,14.8,"Alive","By fox glove and thistle",2022-03-12,358,438,"N",859,"Alive"
"976",113,"Tomanamus","WA",2025,2025-07-31,150,27.5,"Alive","minimal flagging, near stump, extremely browsed",2022-03-12,358,438,"Y",1237,"Alive"
"977",114,"Tomanamus","OR",2022,2022-02-07,81.8,11,"Alive",NA,2022-03-12,114,488,"N",-33,"Alive"
"978",114,"Tomanamus","OR",2023,2023-04-28,85,13.2,"Alive","40% dead",2022-03-12,114,488,"N",412,"Alive"
"979",114,"Tomanamus","OR",2024,2024-07-18,126,13,"Alive",NA,2022-03-12,114,488,"N",859,"Alive"
"980",114,"Tomanamus","OR",2025,2025-07-31,162,34.2,"Alive","huge, near stump",2022-03-12,114,488,"N",1237,"Alive"
"981",114,"Tomanamus","WA",2022,2022-02-07,90.4,9.3,"Alive",NA,2022-03-12,359,439,"N",-33,"Alive"
"982",114,"Tomanamus","WA",2023,2023-04-28,76,10.2,"Alive","browsed top",2022-03-12,359,439,"Y",412,"Alive"
"983",114,"Tomanamus","WA",2024,2024-07-18,85,12.7,"Alive","by fox glove, browsed",2022-03-12,359,439,"Y",859,"Alive"
"984",114,"Tomanamus","WA",2025,2025-07-31,109,22.55,"Alive",NA,2022-03-12,359,439,"N",1237,"Alive"
"985",115,"Tomanamus","OR",2022,2022-02-07,76.4,7,"Alive",NA,2022-03-12,115,489,"N",-33,"Alive"
"986",115,"Tomanamus","OR",2023,2023-04-28,90,10.8,"Alive","60% dead, dead top",2022-03-12,115,489,"N",412,"Alive"
"987",115,"Tomanamus","OR",2024,2024-07-18,96,16,"Alive","Browsed",2022-03-12,115,489,"Y",859,"Alive"
"988",115,"Tomanamus","OR",2025,2025-07-31,160,23.6,"Alive","flagging, near stump",2022-03-12,115,489,"N",1237,"Alive"
"989",115,"Tomanamus","WA",2022,2022-02-07,92.4,10.8,"Alive",NA,2022-03-12,360,440,"N",-33,"Alive"
"990",115,"Tomanamus","WA",2023,2023-04-28,80,10.8,"Alive","browsed top and lateral",2022-03-12,360,440,"Y",412,"Alive"
"991",115,"Tomanamus","WA",2024,2024-07-18,86,14,"Alive","Cleaver Area/higher, browsed",2022-03-12,360,440,"Y",859,"Alive"
"992",115,"Tomanamus","WA",2025,2025-07-31,92,16.28,"Alive","healing from slice, browsed",2022-03-12,360,440,"Y",1237,"Alive"
"993",116,"Tomanamus","OR",2022,2022-02-07,85,10,"Alive",NA,2022-03-12,116,490,"N",-33,"Alive"
"994",116,"Tomanamus","OR",2023,2023-04-28,65,9.9,"Alive","5% dead, top browsed",2022-03-12,116,490,"Y",412,"Alive"
"995",116,"Tomanamus","OR",2024,2024-07-18,112,15,"Alive",NA,2022-03-12,116,490,"N",859,"Alive"
"996",116,"Tomanamus","OR",2025,2025-07-31,145,23.4,"Alive",NA,2022-03-12,116,490,"N",1237,"Alive"
"997",116,"Tomanamus","WA",2022,2022-02-07,7.2,5.3,"Alive",NA,2022-03-12,361,441,"N",-33,"Dead"
"998",116,"Tomanamus","WA",2023,2023-04-28,66,5.1,"Dead","missing tag",2022-03-12,361,441,"N",412,"Dead"
"999",116,"Tomanamus","WA",2024,2024-07-18,101,16,"Dead","Higher elevation, browsed",2022-03-12,361,441,"Y",859,"Dead"
"1000",116,"Tomanamus","WA",2025,2025-07-31,NA,NA,"Dead",NA,2022-03-12,361,441,"N",1237,"Dead"
"1001",117,"Tomanamus","OR",2022,2022-02-07,79,9.5,"Alive",NA,2022-03-12,117,491,"N",-33,"Alive"
"1002",117,"Tomanamus","OR",2023,2023-04-28,89,11.4,"Alive","60% dead, 2 leaders",2022-03-12,117,491,"N",412,"Alive"
"1003",117,"Tomanamus","OR",2024,2024-07-18,95,14.6,"Alive",NA,2022-03-12,117,491,"N",859,"Alive"
"1004",117,"Tomanamus","OR",2025,2025-07-31,98,17.2,"Alive","no tag",2022-03-12,117,491,"N",1237,"Alive"
"1005",117,"Tomanamus","WA",2022,2022-02-07,99,12.4,"Alive",NA,2022-03-12,362,442,"N",-33,"Alive"
"1006",117,"Tomanamus","WA",2023,2023-04-28,87,14,"Alive","browsed top and lateral",2022-03-12,362,442,"Y",412,"Alive"
"1007",117,"Tomanamus","WA",2024,2024-07-18,98,18.3,"Alive","Browsed",2022-03-12,362,442,"Y",859,"Alive"
"1008",117,"Tomanamus","WA",2025,2025-07-31,127,23.18,"Alive","bottom branch severed",2022-03-12,362,442,"N",1237,"Alive"
"1009",118,"Tomanamus","OR",2022,2022-02-07,63.8,8,"Alive",NA,2022-03-12,118,492,"N",-33,"Alive"
"1010",118,"Tomanamus","OR",2023,2023-04-28,60,10.5,"Alive","15% dead, top browsed",2022-03-12,118,492,"Y",412,"Alive"
"1011",118,"Tomanamus","OR",2024,2024-07-18,68,13,"Alive","Browsed",2022-03-12,118,492,"Y",859,"Alive"
"1012",118,"Tomanamus","OR",2025,2025-07-31,70,15.6,"Alive",NA,2022-03-12,118,492,"N",1237,"Alive"
"1013",118,"Tomanamus","WA",2022,2022-02-07,98.8,13.5,"Alive",NA,2022-03-12,363,443,"N",-33,"Alive"
"1014",118,"Tomanamus","WA",2023,2023-04-28,94,12.6,"Alive","browsed top",2022-03-12,363,443,"Y",412,"Alive"
"1015",118,"Tomanamus","WA",2024,2024-07-18,66,4.7,"Alive","Browsed",2022-03-12,363,443,"Y",859,"Alive"
"1016",118,"Tomanamus","WA",2025,2025-07-31,119,19.5,"Alive","near stump",2022-03-12,363,443,"N",1237,"Alive"
"1017",119,"Tomanamus","OR",2022,2022-02-07,68,9,"Alive","two tops",2022-03-12,119,493,"N",-33,"Alive"
"1018",119,"Tomanamus","OR",2023,2023-04-28,82,10.1,"Alive","10% dead",2022-03-12,119,493,"N",412,"Alive"
"1019",119,"Tomanamus","OR",2024,2024-07-18,103,NA,"Alive","Browsed",2022-03-12,119,493,"Y",859,"Alive"
"1020",119,"Tomanamus","OR",2025,2025-07-31,145,23,"Alive",NA,2022-03-12,119,493,"N",1237,"Alive"
"1021",119,"Tomanamus","WA",2022,2022-02-07,99,11.5,"Alive",NA,2022-03-12,364,444,"N",-33,"Alive"
"1022",119,"Tomanamus","WA",2023,2023-04-28,95,12.3,"Alive","browsed top",2022-03-12,364,444,"Y",412,"Alive"
"1023",119,"Tomanamus","WA",2024,2024-07-18,103,14,"Alive","Browsed",2022-03-12,364,444,"Y",859,"Alive"
"1024",119,"Tomanamus","WA",2025,2025-07-31,136,20.3,"Alive",NA,2022-03-12,364,444,"N",1237,"Alive"
"1025",120,"Tomanamus","OR",2022,2022-02-07,77.6,10,"Alive",NA,2022-03-12,120,494,"N",-33,"Alive"
"1026",120,"Tomanamus","OR",2023,2023-04-28,79,10.2,"Alive","5% dead",2022-03-12,120,494,"N",412,"Alive"
"1027",120,"Tomanamus","OR",2024,2024-07-18,90,NA,"Alive",NA,2022-03-12,120,494,"N",859,"Alive"
"1028",120,"Tomanamus","OR",2025,2025-07-31,100,22.9,"Alive","dying branches, flagging",2022-03-12,120,494,"N",1237,"Alive"
"1029",120,"Tomanamus","WA",2022,2022-02-07,116,11.5,"Alive",NA,2022-03-12,365,445,"N",-33,"Alive"
"1030",120,"Tomanamus","WA",2023,2023-04-28,109,13.5,"Alive","browsed top",2022-03-12,365,445,"Y",412,"Alive"
"1031",120,"Tomanamus","WA",2024,2024-07-18,110,13.4,"Alive","Browsed",2022-03-12,365,445,"Y",859,"Alive"
"1032",120,"Tomanamus","WA",2025,2025-07-31,123,19.33,"Alive","two leads same height",2022-03-12,365,445,"N",1237,"Alive"
"1033",121,"Tomanamus","OR",2022,2022-02-07,80.4,10,"Alive",NA,2022-03-12,121,495,"N",-33,"Alive"
"1034",121,"Tomanamus","OR",2023,2023-04-28,83,10.4,"Alive","5% dead, top browsed",2022-03-12,121,495,"Y",412,"Alive"
"1035",121,"Tomanamus","OR",2024,2024-07-18,144,NA,"Alive","Browsed",2022-03-12,121,495,"Y",859,"Alive"
"1036",121,"Tomanamus","OR",2025,2025-07-31,129,25.9,"Alive","browsed, flagging",2022-03-12,121,495,"Y",1237,"Alive"
"1037",121,"Tomanamus","WA",2022,2022-02-07,96.6,9.6,"Alive",NA,2022-03-12,366,446,"N",-33,"Alive"
"1038",121,"Tomanamus","WA",2023,2023-04-28,89,10.8,"Alive","browsed top",2022-03-12,366,446,"Y",412,"Alive"
"1039",121,"Tomanamus","WA",2024,2024-07-18,93,11.6,"Alive","Thimbleberry, browsed",2022-03-12,366,446,"Y",859,"Alive"
"1040",121,"Tomanamus","WA",2025,2025-07-31,96,15.6,"Alive","near stump",2022-03-12,366,446,"N",1237,"Alive"
"1041",122,"Tomanamus","OR",2022,2022-02-07,78,8.5,"Alive",NA,2022-03-12,122,496,"N",-33,"Alive"
"1042",122,"Tomanamus","OR",2023,2023-04-28,84,9.3,"Alive","20% dead",2022-03-12,122,496,"N",412,"Alive"
"1043",122,"Tomanamus","OR",2024,2024-07-18,108,NA,"Alive","Browsed",2022-03-12,122,496,"Y",859,"Alive"
"1044",122,"Tomanamus","OR",2025,2025-07-31,142,30.2,"Alive","near stump",2022-03-12,122,496,"N",1237,"Alive"
"1045",122,"Tomanamus","WA",2022,2022-02-07,116,13.7,"Alive",NA,2022-03-12,367,447,"N",-33,"Alive"
"1046",122,"Tomanamus","WA",2023,2023-04-28,109,14.4,"Alive","browsed lateral",2022-03-12,367,447,"Y",412,"Alive"
"1047",122,"Tomanamus","WA",2024,2024-07-18,110,18.3,"Alive","Blackcap raspberry, browsed",2022-03-12,367,447,"Y",859,"Alive"
"1048",122,"Tomanamus","WA",2025,2025-07-31,146,28.7,"Alive","dead branches in center, browsed old lead",2022-03-12,367,447,"Y",1237,"Alive"
"1049",123,"Tomanamus","OR",2022,2022-02-07,91.4,8.5,"Alive",NA,2022-03-12,123,497,"N",-33,"Alive"
"1050",123,"Tomanamus","OR",2023,2023-04-28,86,11.6,"Alive","40% dead, top browsed",2022-03-12,123,497,"Y",412,"Alive"
"1051",123,"Tomanamus","OR",2024,2024-07-18,100,NA,"Alive",NA,2022-03-12,123,497,"N",859,"Alive"
"1052",123,"Tomanamus","OR",2025,2025-07-31,135,29.3,"Alive","slightly browsed, flagging",2022-03-12,123,497,"Y",1237,"Alive"
"1053",123,"Tomanamus","WA",2022,2022-02-07,97,12.6,"Alive",NA,2022-03-12,368,448,"N",-33,"Alive"
"1054",123,"Tomanamus","WA",2023,2023-04-28,90,13.3,"Alive","browsed top and  lateral",2022-03-12,368,448,"Y",412,"Alive"
"1055",123,"Tomanamus","WA",2024,2024-07-18,118,19,"Alive","Browsed",2022-03-12,368,448,"Y",859,"Alive"
"1056",123,"Tomanamus","WA",2025,2025-07-31,122,25.3,"Alive","flagging, dieback, browsed center, dead top, new lead emerging",2022-03-12,368,448,"Y",1237,"Alive"
"1057",124,"Tomanamus","OR",2022,2022-02-07,84,12,"Alive",NA,2022-03-12,124,498,"N",-33,"Dead"
"1058",124,"Tomanamus","OR",2023,2023-04-28,84,13.1,"Alive","5% dead, top browsed",2022-03-12,124,498,"Y",412,"Dead"
"1059",124,"Tomanamus","OR",2024,2024-07-18,NA,NA,"Dead",NA,2022-03-12,124,498,"N",859,"Dead"
"1060",124,"Tomanamus","OR",2025,2025-07-31,158,19.7,"Dead",NA,2022-03-12,124,498,"N",1237,"Dead"
"1061",124,"Tomanamus","WA",2022,2022-02-07,90.8,12,"Alive",NA,2022-03-12,369,449,"N",-33,"Alive"
"1062",124,"Tomanamus","WA",2023,2023-04-28,80,13.3,"Alive","browsed top and  lateral",2022-03-12,369,449,"Y",412,"Alive"
"1063",124,"Tomanamus","WA",2024,2024-07-18,129,22.6,"Alive",NA,2022-03-12,369,449,"N",859,"Alive"
"1064",124,"Tomanamus","WA",2025,2025-07-31,187,34.37,"Alive",NA,2022-03-12,369,449,"N",1237,"Alive"
"1065",125,"Tomanamus","OR",2022,2022-02-07,96.2,10,"Alive",NA,2022-03-12,125,499,"N",-33,"Alive"
"1066",125,"Tomanamus","OR",2023,2023-04-28,108,12.3,"Alive","5% dead",2022-03-12,125,499,"N",412,"Alive"
"1067",125,"Tomanamus","OR",2024,2024-07-18,149,NA,"Alive","Browsed",2022-03-12,125,499,"Y",859,"Alive"
"1068",125,"Tomanamus","OR",2025,2025-07-31,197,37.4,"Alive",NA,2022-03-12,125,499,"N",1237,"Alive"
"1069",125,"Tomanamus","WA",2022,2022-02-07,101.2,10.9,"Alive",NA,2022-03-12,370,450,"N",-33,"Alive"
"1070",125,"Tomanamus","WA",2023,2023-04-28,107,11.9,"Alive",NA,2022-03-12,370,450,"N",412,"Alive"
"1071",125,"Tomanamus","WA",2024,2024-07-18,131,18.6,"Alive",NA,2022-03-12,370,450,"N",859,"Alive"
"1072",125,"Tomanamus","WA",2025,2025-07-31,157,19.8,"Alive",NA,2022-03-12,370,450,"N",1237,"Alive"
"1073",126,"Swan Creek","OR",2022,2022-03-17,85.5,12.3,"Alive",NA,2022-03-19,126,NA,"N",-2,"Dead"
"1074",126,"Swan Creek","OR",2023,2023-04-05,95,11.2,"Alive",NA,2022-03-19,126,NA,"N",382,"Dead"
"1075",126,"Swan Creek","OR",2024,2024-06-07,102,21.4,"Dead",NA,2022-03-19,126,NA,"N",811,"Dead"
"1076",126,"Swan Creek","OR",2025,2025-06-13,NA,NA,"Dead",NA,2022-03-19,126,NA,"N",1182,"Dead"
"1077",126,"Swan Creek","WA",2022,2022-03-17,98.2,10.3,"Alive",NA,2022-03-19,371,1,"N",-2,"Alive"
"1078",126,"Swan Creek","WA",2023,2023-04-05,104,16.8,"Alive",NA,2022-03-19,371,1,"N",382,"Alive"
"1079",126,"Swan Creek","WA",2024,2024-06-07,128,30.2,"Alive",NA,2022-03-19,371,1,"N",811,"Alive"
"1080",126,"Swan Creek","WA",2025,2025-06-13,185,46.5,"Alive",NA,2022-03-19,371,1,"N",1182,"Alive"
"1081",126,"Swan Creek","WA",2026,2026-04-29,199,49.17,"Alive",NA,2022-03-19,371,1,"N",1502,"Alive"
"1082",127,"Swan Creek","OR",2022,2022-03-17,85,9.6,"Alive",NA,2022-03-19,127,7,"N",-2,"Alive"
"1083",127,"Swan Creek","OR",2023,2023-04-05,90,10.6,"Alive",NA,2022-03-19,127,7,"N",382,"Alive"
"1084",127,"Swan Creek","OR",2024,2024-06-07,111,21.5,"Alive",NA,2022-03-19,127,7,"N",811,"Alive"
"1085",127,"Swan Creek","OR",2025,2025-06-13,167,36.3,"Alive",NA,2022-03-19,127,7,"N",1182,"Alive"
"1086",127,"Swan Creek","OR",2026,2026-04-29,179,38.79,"Alive",NA,2022-03-19,127,7,"N",1502,"Alive"
"1087",127,"Swan Creek","WA",2022,2022-03-17,99.6,10,"Alive","two shoots/tops",2022-03-19,372,2,"N",-2,"Alive"
"1088",127,"Swan Creek","WA",2023,2023-04-05,106,16.8,"Alive","2 leaders",2022-03-19,372,2,"N",382,"Alive"
"1089",127,"Swan Creek","WA",2024,2024-06-07,133,31.1,"Alive","2 leaders",2022-03-19,372,2,"N",811,"Alive"
"1090",127,"Swan Creek","WA",2025,2025-06-13,169,37.8,"Alive","2 trees?",2022-03-19,372,2,"N",1182,"Alive"
"1091",127,"Swan Creek","WA",2026,2026-04-29,178,40.36,"Alive","two leads, measured longest",2022-03-19,372,2,"N",1502,"Alive"
"1092",128,"Swan Creek","OR",2022,2022-03-17,84,8.1,"Alive",NA,2022-03-19,128,8,"N",-2,"Dead"
"1093",128,"Swan Creek","OR",2023,2023-04-05,87,14.5,"Alive",NA,2022-03-19,128,8,"N",382,"Dead"
"1094",128,"Swan Creek","OR",2024,2024-06-07,123,30.7,"Alive",NA,2022-03-19,128,8,"N",811,"Dead"
"1095",128,"Swan Creek","OR",2025,2025-06-13,192,40.8,"Alive",NA,2022-03-19,128,8,"N",1182,"Dead"
"1096",128,"Swan Creek","OR",2026,2026-04-29,NA,NA,"Dead",NA,2022-03-19,128,8,"N",1502,"Dead"
"1097",128,"Swan Creek","WA",2022,2022-03-17,100.4,11.2,"Alive",NA,2022-03-19,373,NA,"N",-2,"Missing"
"1098",128,"Swan Creek","WA",2023,2023-04-05,103,10.8,"Alive",NA,2022-03-19,373,NA,"N",382,"Missing"
"1099",128,"Swan Creek","WA",2024,2024-06-07,NA,NA,"Missing",NA,2022-03-19,373,NA,"N",811,"Missing"
"1100",128,"Swan Creek","WA",2025,2025-06-13,NA,NA,"Missing",NA,2022-03-19,373,NA,"N",1182,"Missing"
"1101",129,"Swan Creek","OR",2022,2022-03-17,89,8.2,"Alive",NA,2022-03-19,129,9,"N",-2,"Alive"
"1102",129,"Swan Creek","OR",2023,2023-04-05,97,17.2,"Alive",NA,2022-03-19,129,9,"N",382,"Alive"
"1103",129,"Swan Creek","OR",2024,2024-06-07,164,46.1,"Alive","Curved and needs a stake",2022-03-19,129,9,"N",811,"Alive"
"1104",129,"Swan Creek","OR",2025,2025-06-13,221,65.5,"Alive",NA,2022-03-19,129,9,"N",1182,"Alive"
"1105",129,"Swan Creek","OR",2026,2026-04-29,235,59.06,"Alive","potentially move tag up (PMTU)",2022-03-19,129,9,"N",1502,"Alive"
"1106",129,"Swan Creek","WA",2022,2022-03-17,99.6,12.7,"Alive",NA,2022-03-19,374,3,"N",-2,"Alive"
"1107",129,"Swan Creek","WA",2023,2023-04-05,103,14.8,"Alive",NA,2022-03-19,374,3,"N",382,"Alive"
"1108",129,"Swan Creek","WA",2024,2024-06-07,133,32.8,"Alive",NA,2022-03-19,374,3,"N",811,"Alive"
"1109",129,"Swan Creek","WA",2025,2025-06-13,191,48.7,"Alive",NA,2022-03-19,374,3,"N",1182,"Alive"
"1110",129,"Swan Creek","WA",2026,2026-04-29,206,62.46,"Alive",NA,2022-03-19,374,3,"N",1502,"Alive"
"1111",130,"Swan Creek","OR",2022,2022-03-17,80,10.6,"Alive",NA,2022-03-19,130,10,"N",-2,"Alive"
"1112",130,"Swan Creek","OR",2023,2023-04-05,92,15.6,"Alive",NA,2022-03-19,130,10,"N",382,"Alive"
"1113",130,"Swan Creek","OR",2024,2024-06-07,146,33.8,"Alive",NA,2022-03-19,130,10,"N",811,"Alive"
"1114",130,"Swan Creek","OR",2025,2025-06-13,193,49.2,"Alive",NA,2022-03-19,130,10,"N",1182,"Alive"
"1115",130,"Swan Creek","OR",2026,2026-04-29,206,53.78,"Alive","PMTU",2022-03-19,130,10,"N",1502,"Alive"
"1116",130,"Swan Creek","WA",2022,2022-03-17,103.4,12.8,"Alive",NA,2022-03-19,375,4,"N",-2,"Alive"
"1117",130,"Swan Creek","WA",2023,2023-04-05,110,12.5,"Alive",NA,2022-03-19,375,4,"N",382,"Alive"
"1118",130,"Swan Creek","WA",2024,2024-06-07,119,25.9,"Alive",NA,2022-03-19,375,4,"N",811,"Alive"
"1119",130,"Swan Creek","WA",2025,2025-06-13,157,40.9,"Alive",NA,2022-03-19,375,4,"N",1182,"Alive"
"1120",130,"Swan Creek","WA",2026,2026-04-29,171,43.88,"Alive",NA,2022-03-19,375,4,"N",1502,"Alive"
"1121",131,"Swan Creek","OR",2022,2022-03-17,81,10.5,"Alive",NA,2022-03-19,131,11,"N",-2,"Alive"
"1122",131,"Swan Creek","OR",2023,2023-04-05,99,21.2,"Alive",NA,2022-03-19,131,11,"N",382,"Alive"
"1123",131,"Swan Creek","OR",2024,2024-06-07,138,43.2,"Alive",NA,2022-03-19,131,11,"N",811,"Alive"
"1124",131,"Swan Creek","OR",2025,2025-06-13,173,59.7,"Alive",NA,2022-03-19,131,11,"N",1182,"Alive"
"1125",131,"Swan Creek","OR",2026,2026-04-29,185,64.34,"Alive","PMTU",2022-03-19,131,11,"N",1502,"Alive"
"1126",131,"Swan Creek","WA",2022,2022-03-17,90.4,9.8,"Alive",NA,2022-03-19,376,5,"N",-2,"Alive"
"1127",131,"Swan Creek","WA",2023,2023-04-05,95,12.5,"Alive",NA,2022-03-19,376,5,"N",382,"Alive"
"1128",131,"Swan Creek","WA",2024,2024-06-07,99,19.5,"Alive",NA,2022-03-19,376,5,"N",811,"Alive"
"1129",131,"Swan Creek","WA",2025,2025-06-13,107,24,"Alive",NA,2022-03-19,376,5,"N",1182,"Alive"
"1130",131,"Swan Creek","WA",2026,2026-04-29,111,23.76,"Alive","Dying/Dead, scotchbroom",2022-03-19,376,5,"N",1502,"Alive"
"1131",132,"Swan Creek","OR",2022,2022-03-17,55,6.8,"Alive","two shoots/tops",2022-03-19,132,NA,"N",-2,"Dead"
"1132",132,"Swan Creek","OR",2023,2023-04-05,59,8.2,"Alive","2 Leaders",2022-03-19,132,NA,"N",382,"Dead"
"1133",132,"Swan Creek","OR",2024,2024-06-07,NA,NA,"Dead",NA,2022-03-19,132,NA,"N",811,"Dead"
"1134",132,"Swan Creek","OR",2025,2025-06-13,NA,NA,"Dead",NA,2022-03-19,132,NA,"N",1182,"Dead"
"1135",132,"Swan Creek","WA",2022,2022-03-17,90,9.9,"Alive",NA,2022-03-19,377,6,"N",-2,"Dead"
"1136",132,"Swan Creek","WA",2023,2023-04-05,86,9.6,"Alive",NA,2022-03-19,377,6,"N",382,"Dead"
"1137",132,"Swan Creek","WA",2024,2024-06-07,90,12.4,"Alive",NA,2022-03-19,377,6,"N",811,"Dead"
"1138",132,"Swan Creek","WA",2025,2025-06-13,NA,NA,"Dead","Dead/pulled out",2022-03-19,377,6,"N",1182,"Dead"
"1139",132,"Swan Creek","WA",2026,2026-04-29,NA,NA,"Dead",NA,2022-03-19,377,6,"N",1502,"Dead"
"1140",133,"Swan Creek","OR",2022,2022-03-17,70,9.1,"Alive",NA,2022-03-19,133,NA,"N",-2,"Dead"
"1141",133,"Swan Creek","OR",2023,2023-04-05,72,10.7,"Alive",NA,2022-03-19,133,NA,"N",382,"Dead"
"1142",133,"Swan Creek","OR",2024,2024-06-07,NA,NA,"Dead",NA,2022-03-19,133,NA,"N",811,"Dead"
"1143",133,"Swan Creek","OR",2025,2025-06-13,NA,NA,"Dead",NA,2022-03-19,133,NA,"N",1182,"Dead"
"1144",133,"Swan Creek","WA",2022,2022-03-17,85.2,9.7,"Alive",NA,2022-03-19,378,NA,"N",-2,"Alive"
"1145",133,"Swan Creek","WA",2023,2023-04-05,84,10.8,"Alive",NA,2022-03-19,378,NA,"N",382,"Alive"
"1146",133,"Swan Creek","WA",2024,2024-06-07,82,11.9,"Alive",NA,2022-03-19,378,NA,"N",811,"Alive"
"1147",133,"Swan Creek","WA",2025,2025-06-13,NA,NA,"Alive",NA,2022-03-19,378,NA,"N",1182,"Alive"
"1148",134,"Swan Creek","OR",2022,2022-03-17,87.5,9.3,"Alive",NA,2022-03-19,134,12,"N",-2,"Alive"
"1149",134,"Swan Creek","OR",2023,2023-04-05,94,10.2,"Alive",NA,2022-03-19,134,12,"N",382,"Alive"
"1150",134,"Swan Creek","OR",2024,2024-06-07,113,20.5,"Alive",NA,2022-03-19,134,12,"N",811,"Alive"
"1151",134,"Swan Creek","OR",2025,2025-06-13,146,29.4,"Alive",NA,2022-03-19,134,12,"N",1182,"Alive"
"1152",134,"Swan Creek","OR",2026,2026-04-29,149,30.44,"Alive","yellowing, scotchbroom",2022-03-19,134,12,"N",1502,"Alive"
"1153",134,"Swan Creek","WA",2022,2022-03-17,75.6,8.6,"Alive",NA,2022-03-19,379,NA,"N",-2,"Dead"
"1154",134,"Swan Creek","WA",2023,2023-04-05,77,9.1,"Dead",NA,2022-03-19,379,NA,"N",382,"Dead"
"1155",134,"Swan Creek","WA",2024,2024-06-07,NA,NA,"Dead",NA,2022-03-19,379,NA,"N",811,"Dead"
"1156",134,"Swan Creek","WA",2025,2025-06-13,NA,NA,"Dead",NA,2022-03-19,379,NA,"N",1182,"Dead"
"1157",135,"Swan Creek","OR",2022,2022-03-17,74.5,8.4,"Alive",NA,2022-03-19,135,20,"N",-2,"Alive"
"1158",135,"Swan Creek","OR",2023,2023-04-05,88,16.3,"Alive",NA,2022-03-19,135,20,"N",382,"Alive"
"1159",135,"Swan Creek","OR",2024,2024-06-07,108,30.7,"Alive",NA,2022-03-19,135,20,"N",811,"Alive"
"1160",135,"Swan Creek","OR",2025,2025-06-13,120,39,"Alive",NA,2022-03-19,135,20,"N",1182,"Alive"
"1161",135,"Swan Creek","OR",2026,2026-04-29,127,52.51,"Alive",NA,2022-03-19,135,20,"N",1502,"Alive"
"1162",135,"Swan Creek","WA",2022,2022-03-17,102.6,12.2,"Alive",NA,2022-03-19,380,13,"N",-2,"Dead"
"1163",135,"Swan Creek","WA",2023,2023-04-05,103,13.2,"Alive",NA,2022-03-19,380,13,"N",382,"Dead"
"1164",135,"Swan Creek","WA",2024,2024-06-07,124,26.4,"Alive",NA,2022-03-19,380,13,"N",811,"Dead"
"1165",135,"Swan Creek","WA",2025,2025-06-13,129,25,"Dead",NA,2022-03-19,380,13,"N",1182,"Dead"
"1166",135,"Swan Creek","WA",2026,2026-04-29,NA,NA,"Dead",NA,2022-03-19,380,13,"N",1502,"Dead"
"1167",136,"Swan Creek","OR",2022,2022-03-17,89,12.5,"Alive",NA,2022-03-19,136,21,"N",-2,"Alive"
"1168",136,"Swan Creek","OR",2023,2023-04-05,91,12.9,"Alive",NA,2022-03-19,136,21,"N",382,"Alive"
"1169",136,"Swan Creek","OR",2024,2024-06-07,115,32.6,"Alive",NA,2022-03-19,136,21,"N",811,"Alive"
"1170",136,"Swan Creek","OR",2025,2025-06-13,124,46.6,"Alive",NA,2022-03-19,136,21,"N",1182,"Alive"
"1171",136,"Swan Creek","OR",2026,2026-04-29,132,48.03,"Alive","PMTU",2022-03-19,136,21,"N",1502,"Alive"
"1172",136,"Swan Creek","WA",2022,2022-03-17,97.8,9.2,"Alive",NA,2022-03-19,381,NA,"N",-2,"Dead"
"1173",136,"Swan Creek","WA",2023,2023-04-05,104,11.1,"Alive",NA,2022-03-19,381,NA,"N",382,"Dead"
"1174",136,"Swan Creek","WA",2024,2024-06-07,114,11.9,"Dead",NA,2022-03-19,381,NA,"N",811,"Dead"
"1175",136,"Swan Creek","WA",2025,2025-06-13,NA,NA,"Dead",NA,2022-03-19,381,NA,"N",1182,"Dead"
"1176",137,"Swan Creek","OR",2022,2022-03-17,77,10.1,"Alive",NA,2022-03-19,137,NA,"N",-2,"Dead"
"1177",137,"Swan Creek","OR",2023,2023-04-05,82,13.1,"Alive",NA,2022-03-19,137,NA,"N",382,"Dead"
"1178",137,"Swan Creek","OR",2024,2024-06-07,82,18.9,"Dead",NA,2022-03-19,137,NA,"N",811,"Dead"
"1179",137,"Swan Creek","OR",2025,2025-06-13,NA,NA,"Dead",NA,2022-03-19,137,NA,"N",1182,"Dead"
"1180",137,"Swan Creek","WA",2022,2022-03-17,99,11.8,"Alive",NA,2022-03-19,382,14,"N",-2,"Dead"
"1181",137,"Swan Creek","WA",2023,2023-04-05,101,13.9,"Alive",NA,2022-03-19,382,14,"N",382,"Dead"
"1182",137,"Swan Creek","WA",2024,2024-06-07,130,28.4,"Alive",NA,2022-03-19,382,14,"N",811,"Dead"
"1183",137,"Swan Creek","WA",2025,2025-06-13,172,42.4,"Alive","Cones",2022-03-19,382,14,"N",1182,"Dead"
"1184",137,"Swan Creek","WA",2026,2026-04-29,NA,NA,"Dead",NA,2022-03-19,382,14,"N",1502,"Dead"
"1185",138,"Swan Creek","OR",2022,2022-03-17,91,8.7,"Alive",NA,2022-03-19,138,22,"N",-2,"Alive"
"1186",138,"Swan Creek","OR",2023,2023-04-05,99,14.1,"Alive",NA,2022-03-19,138,22,"N",382,"Alive"
"1187",138,"Swan Creek","OR",2024,2024-06-07,145,23.1,"Alive",NA,2022-03-19,138,22,"N",811,"Alive"
"1188",138,"Swan Creek","OR",2025,2025-06-13,192,37.3,"Alive",NA,2022-03-19,138,22,"N",1182,"Alive"
"1189",138,"Swan Creek","OR",2026,2026-04-29,208,50.79,"Alive","PMTU",2022-03-19,138,22,"N",1502,"Alive"
"1190",138,"Swan Creek","WA",2022,2022-03-17,94,8.9,"Alive",NA,2022-03-19,383,15,"N",-2,"Alive"
"1191",138,"Swan Creek","WA",2023,2023-04-05,96,11.6,"Alive",NA,2022-03-19,383,15,"N",382,"Alive"
"1192",138,"Swan Creek","WA",2024,2024-06-07,121,24.5,"Alive",NA,2022-03-19,383,15,"N",811,"Alive"
"1193",138,"Swan Creek","WA",2025,2025-06-13,165,40.8,"Alive",NA,2022-03-19,383,15,"N",1182,"Alive"
"1194",138,"Swan Creek","WA",2026,2026-04-29,179,43.9,"Alive","PMTU, black seed tips",2022-03-19,383,15,"N",1502,"Alive"
"1195",139,"Swan Creek","OR",2022,2022-03-17,80.5,9.4,"Alive",NA,2022-03-19,139,23,"N",-2,"Alive"
"1196",139,"Swan Creek","OR",2023,2023-04-05,83,10.5,"Alive",NA,2022-03-19,139,23,"N",382,"Alive"
"1197",139,"Swan Creek","OR",2024,2024-06-07,111,22.7,"Alive",NA,2022-03-19,139,23,"N",811,"Alive"
"1198",139,"Swan Creek","OR",2025,2025-06-13,148,33.3,"Alive",NA,2022-03-19,139,23,"N",1182,"Alive"
"1199",139,"Swan Creek","OR",2026,2026-04-29,162,39.09,"Alive","PMTU",2022-03-19,139,23,"N",1502,"Alive"
"1200",139,"Swan Creek","WA",2022,2022-03-17,76.6,10.2,"Alive",NA,2022-03-19,384,16,"N",-2,"Alive"
"1201",139,"Swan Creek","WA",2023,2023-04-05,82,14.1,"Alive",NA,2022-03-19,384,16,"N",382,"Alive"
"1202",139,"Swan Creek","WA",2024,2024-06-07,105,23.6,"Alive",NA,2022-03-19,384,16,"N",811,"Alive"
"1203",139,"Swan Creek","WA",2025,2025-06-13,154,43.2,"Alive",NA,2022-03-19,384,16,"N",1182,"Alive"
"1204",139,"Swan Creek","WA",2026,2026-04-29,175,46.1,"Alive","PMTU, black seed tips",2022-03-19,384,16,"N",1502,"Alive"
"1205",140,"Swan Creek","OR",2022,2022-03-17,75.5,7.7,"Alive",NA,2022-03-19,140,24,"N",-2,"Alive"
"1206",140,"Swan Creek","OR",2023,2023-04-05,77,11,"Alive",NA,2022-03-19,140,24,"N",382,"Alive"
"1207",140,"Swan Creek","OR",2024,2024-06-07,112,23.9,"Alive",NA,2022-03-19,140,24,"N",811,"Alive"
"1208",140,"Swan Creek","OR",2025,2025-06-13,164,36.2,"Alive",NA,2022-03-19,140,24,"N",1182,"Alive"
"1209",140,"Swan Creek","OR",2026,2026-04-29,173,42.54,"Alive","PMTU, epicormic sprouting",2022-03-19,140,24,"N",1502,"Alive"
"1210",140,"Swan Creek","WA",2022,2022-03-17,107.8,10,"Alive",NA,2022-03-19,385,17,"N",-2,"Dead"
"1211",140,"Swan Creek","WA",2023,2023-04-05,111,13.3,"Alive",NA,2022-03-19,385,17,"N",382,"Dead"
"1212",140,"Swan Creek","WA",2024,2024-06-07,124,27.2,"Alive",NA,2022-03-19,385,17,"N",811,"Dead"
"1213",140,"Swan Creek","WA",2025,2025-06-13,178,43.8,"Alive","Wound on base/mechanical damage",2022-03-19,385,17,"N",1182,"Dead"
"1214",140,"Swan Creek","WA",2026,2026-04-29,NA,NA,"Dead",NA,2022-03-19,385,17,"N",1502,"Dead"
"1215",141,"Swan Creek","OR",2022,2022-03-17,81,11.1,"Alive",NA,2022-03-19,141,25,"N",-2,"Alive"
"1216",141,"Swan Creek","OR",2023,2023-04-05,81,13.8,"Alive",NA,2022-03-19,141,25,"N",382,"Alive"
"1217",141,"Swan Creek","OR",2024,2024-06-07,146,27,"Alive",NA,2022-03-19,141,25,"N",811,"Alive"
"1218",141,"Swan Creek","OR",2025,2025-06-13,199,43.2,"Alive",NA,2022-03-19,141,25,"N",1182,"Alive"
"1219",141,"Swan Creek","OR",2026,2026-04-29,208,46.31,"Alive","PMTU, epicormic sprouting",2022-03-19,141,25,"N",1502,"Alive"
"1220",141,"Swan Creek","WA",2022,2022-03-17,100.6,9.5,"Alive",NA,2022-03-19,386,18,"N",-2,"Dead"
"1221",141,"Swan Creek","WA",2023,2023-04-05,141,10.8,"Alive",NA,2022-03-19,386,18,"N",382,"Dead"
"1222",141,"Swan Creek","WA",2024,2024-06-07,107,30.4,"Alive",NA,2022-03-19,386,18,"N",811,"Dead"
"1223",141,"Swan Creek","WA",2025,2025-06-13,137,32,"Alive",NA,2022-03-19,386,18,"N",1182,"Dead"
"1224",141,"Swan Creek","WA",2026,2026-04-29,NA,NA,"Dead",NA,2022-03-19,386,18,"N",1502,"Dead"
"1225",142,"Swan Creek","OR",2022,2022-03-17,71.5,8.7,"Alive",NA,2022-03-19,142,26,"N",-2,"Dead"
"1226",142,"Swan Creek","OR",2023,2023-04-05,82,14.2,"Alive","2 Leaders",2022-03-19,142,26,"N",382,"Dead"
"1227",142,"Swan Creek","OR",2024,2024-06-07,89,19.2,"Alive","2 leaders",2022-03-19,142,26,"N",811,"Dead"
"1228",142,"Swan Creek","OR",2025,2025-06-13,107,30.5,"Alive","Two leads",2022-03-19,142,26,"N",1182,"Dead"
"1229",142,"Swan Creek","OR",2026,2026-04-29,NA,NA,"Dead",NA,2022-03-19,142,26,"N",1502,"Dead"
"1230",142,"Swan Creek","WA",2022,2022-03-17,93,9.2,"Alive",NA,2022-03-19,387,NA,"N",-2,"Dead"
"1231",142,"Swan Creek","WA",2023,2023-04-05,95,13,"Dead",NA,2022-03-19,387,NA,"N",382,"Dead"
"1232",142,"Swan Creek","WA",2024,2024-06-07,NA,NA,"Dead",NA,2022-03-19,387,NA,"N",811,"Dead"
"1233",142,"Swan Creek","WA",2025,2025-06-13,NA,NA,"Dead",NA,2022-03-19,387,NA,"N",1182,"Dead"
"1234",143,"Swan Creek","OR",2022,2022-03-17,65,6.8,"Alive",NA,2022-03-19,143,NA,"N",-2,"Dead"
"1235",143,"Swan Creek","OR",2023,2023-04-05,81,8.7,"Alive","potential cedar leaf blight on bottom branches",2022-03-19,143,NA,"N",382,"Dead"
"1236",143,"Swan Creek","OR",2024,2024-06-07,NA,NA,"Dead",NA,2022-03-19,143,NA,"N",811,"Dead"
"1237",143,"Swan Creek","OR",2025,2025-06-13,NA,NA,"Dead",NA,2022-03-19,143,NA,"N",1182,"Dead"
"1238",143,"Swan Creek","WA",2022,2022-03-17,100.8,13.8,"Alive",NA,2022-03-19,388,19,"N",-2,"Alive"
"1239",143,"Swan Creek","WA",2023,2023-04-05,103,14.1,"Alive",NA,2022-03-19,388,19,"N",382,"Alive"
"1240",143,"Swan Creek","WA",2024,2024-06-07,112,19.3,"Alive",NA,2022-03-19,388,19,"N",811,"Alive"
"1241",143,"Swan Creek","WA",2025,2025-06-13,169,32.1,"Alive",NA,2022-03-19,388,19,"N",1182,"Alive"
"1242",143,"Swan Creek","WA",2026,2026-04-29,174,35.74,"Alive","scotchbroom",2022-03-19,388,19,"N",1502,"Alive"
"1243",144,"Swan Creek","OR",2022,2022-03-17,65.5,7.5,"Alive",NA,2022-03-19,144,NA,"N",-2,"Alive"
"1244",144,"Swan Creek","OR",2023,2023-04-05,74,13.6,"Alive",NA,2022-03-19,144,NA,"N",382,"Alive"
"1245",144,"Swan Creek","OR",2024,2024-06-07,78,15.4,"Alive",NA,2022-03-19,144,NA,"N",811,"Alive"
"1246",144,"Swan Creek","OR",2025,2025-06-13,NA,NA,"Alive",NA,2022-03-19,144,NA,"N",1182,"Alive"
"1247",144,"Swan Creek","WA",2022,2022-03-17,89.8,11.3,"Alive",NA,2022-03-19,389,NA,"N",-2,"Dead"
"1248",144,"Swan Creek","WA",2023,2023-04-05,95,11.7,"Alive",NA,2022-03-19,389,NA,"N",382,"Dead"
"1249",144,"Swan Creek","WA",2024,2024-06-07,92,13.3,"Dead",NA,2022-03-19,389,NA,"N",811,"Dead"
"1250",144,"Swan Creek","WA",2025,2025-06-13,NA,NA,"Dead",NA,2022-03-19,389,NA,"N",1182,"Dead"
"1251",145,"Swan Creek","OR",2022,2022-03-17,87,9,"Alive",NA,2022-03-19,145,32,"N",-2,"Alive"
"1252",145,"Swan Creek","OR",2023,2023-04-05,96,11.3,"Alive",NA,2022-03-19,145,32,"N",382,"Alive"
"1253",145,"Swan Creek","OR",2024,2024-06-07,118,21.5,"Alive",NA,2022-03-19,145,32,"N",811,"Alive"
"1254",145,"Swan Creek","OR",2025,2025-06-13,139,37.1,"Alive",NA,2022-03-19,145,32,"N",1182,"Alive"
"1255",145,"Swan Creek","OR",2026,2026-04-29,145,38.84,"Alive","scotchbroom",2022-03-19,145,32,"N",1502,"Alive"
"1256",145,"Swan Creek","WA",2022,2022-03-17,97.4,11.3,"Alive",NA,2022-03-19,390,NA,"N",-2,"Dead"
"1257",145,"Swan Creek","WA",2023,2023-04-05,100,12.9,"Alive",NA,2022-03-19,390,NA,"N",382,"Dead"
"1258",145,"Swan Creek","WA",2024,2024-06-07,102,17,"Dead",NA,2022-03-19,390,NA,"N",811,"Dead"
"1259",145,"Swan Creek","WA",2025,2025-06-13,NA,NA,"Dead",NA,2022-03-19,390,NA,"N",1182,"Dead"
"1260",146,"Swan Creek","OR",2022,2022-03-17,87.5,11.4,"Alive",NA,2022-03-19,146,NA,"N",-2,"Missing"
"1261",146,"Swan Creek","OR",2023,2023-04-05,79,11.7,"Alive","potential cedar leaf blight on bottom braches",2022-03-19,146,NA,"N",382,"Missing"
"1262",146,"Swan Creek","OR",2024,2024-06-07,NA,NA,"Missing",NA,2022-03-19,146,NA,"N",811,"Missing"
"1263",146,"Swan Creek","OR",2025,2025-06-13,NA,NA,"Missing",NA,2022-03-19,146,NA,"N",1182,"Missing"
"1264",146,"Swan Creek","WA",2022,2022-03-17,110.4,12.5,"Alive",NA,2022-03-19,391,NA,"N",-2,"Dead"
"1265",146,"Swan Creek","WA",2023,2023-04-05,126,22.7,"Alive",NA,2022-03-19,391,NA,"N",382,"Dead"
"1266",146,"Swan Creek","WA",2024,2024-06-07,132,24.9,"Dead",NA,2022-03-19,391,NA,"N",811,"Dead"
"1267",146,"Swan Creek","WA",2025,2025-06-13,NA,NA,"Dead",NA,2022-03-19,391,NA,"N",1182,"Dead"
"1268",147,"Swan Creek","OR",2022,2022-03-17,84.5,9.3,"Alive",NA,2022-03-19,147,33,"N",-2,"Alive"
"1269",147,"Swan Creek","OR",2023,2023-04-05,85,12.5,"Alive",NA,2022-03-19,147,33,"N",382,"Alive"
"1270",147,"Swan Creek","OR",2024,2024-06-07,96,19.8,"Alive",NA,2022-03-19,147,33,"N",811,"Alive"
"1271",147,"Swan Creek","OR",2025,2025-06-13,131,28.2,"Alive","Missing tag",2022-03-19,147,33,"N",1182,"Alive"
"1272",147,"Swan Creek","OR",2026,2026-04-29,136,29.83,"Alive","tag missing",2022-03-19,147,33,"N",1502,"Alive"
"1273",147,"Swan Creek","WA",2022,2022-03-17,91.8,9.7,"Alive",NA,2022-03-19,392,27,"N",-2,"Dead"
"1274",147,"Swan Creek","WA",2023,2023-04-05,94,11.9,"Alive",NA,2022-03-19,392,27,"N",382,"Dead"
"1275",147,"Swan Creek","WA",2024,2024-06-07,101,18.1,"Alive","Wound at base",2022-03-19,392,27,"N",811,"Dead"
"1276",147,"Swan Creek","WA",2025,2025-06-13,102,16.4,"Dead","Mechanical damage",2022-03-19,392,27,"N",1182,"Dead"
"1277",147,"Swan Creek","WA",2026,2026-04-29,NA,NA,"Dead",NA,2022-03-19,392,27,"N",1502,"Dead"
"1278",148,"Swan Creek","OR",2022,2022-03-17,70,6.3,"Alive",NA,2022-03-19,148,34,"N",-2,"Alive"
"1279",148,"Swan Creek","OR",2023,2023-04-05,75,10.8,"Alive",NA,2022-03-19,148,34,"N",382,"Alive"
"1280",148,"Swan Creek","OR",2024,2024-06-07,85,16.7,"Alive",NA,2022-03-19,148,34,"N",811,"Alive"
"1281",148,"Swan Creek","OR",2025,2025-06-13,114,23,"Alive",NA,2022-03-19,148,34,"N",1182,"Alive"
"1282",148,"Swan Creek","OR",2026,2026-04-29,116,25.89,"Alive",NA,2022-03-19,148,34,"N",1502,"Alive"
"1283",148,"Swan Creek","WA",2022,2022-03-17,105.4,12.9,"Alive",NA,2022-03-19,393,28,"N",-2,"Dead"
"1284",148,"Swan Creek","WA",2023,2023-04-05,111,14.7,"Alive",NA,2022-03-19,393,28,"N",382,"Dead"
"1285",148,"Swan Creek","WA",2024,2024-06-07,125,33.6,"Alive",NA,2022-03-19,393,28,"N",811,"Dead"
"1286",148,"Swan Creek","WA",2025,2025-06-13,137,42.1,"Alive","Mechanical damage",2022-03-19,393,28,"N",1182,"Dead"
"1287",148,"Swan Creek","WA",2026,2026-04-29,NA,NA,"Dead",NA,2022-03-19,393,28,"N",1502,"Dead"
"1288",149,"Swan Creek","OR",2022,2022-03-17,95.5,8.8,"Alive",NA,2022-03-19,149,35,"N",-2,"Dead"
"1289",149,"Swan Creek","OR",2023,2023-04-05,97,12.5,"Alive","potential cedar leaf blight on bottom braches",2022-03-19,149,35,"N",382,"Dead"
"1290",149,"Swan Creek","OR",2024,2024-06-07,112,25.2,"Alive",NA,2022-03-19,149,35,"N",811,"Dead"
"1291",149,"Swan Creek","OR",2025,2025-06-13,164,39.5,"Alive",NA,2022-03-19,149,35,"N",1182,"Dead"
"1292",149,"Swan Creek","OR",2026,2026-04-29,NA,NA,"Dead",NA,2022-03-19,149,35,"N",1502,"Dead"
"1293",149,"Swan Creek","WA",2022,2022-03-17,75,11.5,"Alive",NA,2022-03-19,394,29,"N",-2,"Alive"
"1294",149,"Swan Creek","WA",2023,2023-04-05,80,13.7,"Alive",NA,2022-03-19,394,29,"N",382,"Alive"
"1295",149,"Swan Creek","WA",2024,2024-06-07,101,36.5,"Alive",NA,2022-03-19,394,29,"N",811,"Alive"
"1296",149,"Swan Creek","WA",2025,2025-06-13,145,46.1,"Alive",NA,2022-03-19,394,29,"N",1182,"Alive"
"1297",149,"Swan Creek","WA",2026,2026-04-29,145,42.42,"Alive","Dead top, brown leaves w/ green underside",2022-03-19,394,29,"N",1502,"Alive"
"1298",150,"Swan Creek","OR",2022,2022-03-17,91,9.8,"Alive",NA,2022-03-19,150,36,"N",-2,"Dead"
"1299",150,"Swan Creek","OR",2023,2023-04-05,99,14.8,"Alive","potential cedar leaf blight on bottom branches",2022-03-19,150,36,"N",382,"Dead"
"1300",150,"Swan Creek","OR",2024,2024-06-07,133,36.6,"Alive",NA,2022-03-19,150,36,"N",811,"Dead"
"1301",150,"Swan Creek","OR",2025,2025-06-13,169,57.5,"Alive","Mechanical damage",2022-03-19,150,36,"N",1182,"Dead"
"1302",150,"Swan Creek","OR",2026,2026-04-29,NA,NA,"Dead",NA,2022-03-19,150,36,"N",1502,"Dead"
"1303",150,"Swan Creek","WA",2022,2022-03-17,95.4,11.8,"Alive",NA,2022-03-19,395,30,"N",-2,"Alive"
"1304",150,"Swan Creek","WA",2023,2023-04-05,96,19,"Alive",NA,2022-03-19,395,30,"N",382,"Alive"
"1305",150,"Swan Creek","WA",2024,2024-06-07,186,41.7,"Alive",NA,2022-03-19,395,30,"N",811,"Alive"
"1306",150,"Swan Creek","WA",2025,2025-06-13,242,60.7,"Alive","Mechanical damage",2022-03-19,395,30,"N",1182,"Alive"
"1307",150,"Swan Creek","WA",2026,2026-04-29,252,61.56,"Alive","couldn't fully straighten top",2022-03-19,395,30,"N",1502,"Alive"
"1308",151,"Swan Creek","OR",2022,2022-03-17,93,10,"Alive",NA,2022-03-19,151,37,"N",-2,"Dead"
"1309",151,"Swan Creek","OR",2023,2023-04-05,91,10.3,"Alive",NA,2022-03-19,151,37,"N",382,"Dead"
"1310",151,"Swan Creek","OR",2024,2024-06-07,114,23.9,"Alive",NA,2022-03-19,151,37,"N",811,"Dead"
"1311",151,"Swan Creek","OR",2025,2025-06-13,136,32.1,"Alive",NA,2022-03-19,151,37,"N",1182,"Dead"
"1312",151,"Swan Creek","OR",2026,2026-04-29,NA,NA,"Dead",NA,2022-03-19,151,37,"N",1502,"Dead"
"1313",151,"Swan Creek","WA",2022,2022-03-17,103,12.9,"Alive",NA,2022-03-19,396,NA,"N",-2,"Alive"
"1314",151,"Swan Creek","WA",2023,2023-04-05,105,13.7,"Alive",NA,2022-03-19,396,NA,"N",382,"Alive"
"1315",151,"Swan Creek","WA",2024,2024-06-07,103,17.8,"Alive",NA,2022-03-19,396,NA,"N",811,"Alive"
"1316",151,"Swan Creek","WA",2025,2025-06-13,NA,NA,"Alive",NA,2022-03-19,396,NA,"N",1182,"Alive"
"1317",152,"Swan Creek","OR",2022,2022-03-17,88,11.2,"Alive",NA,2022-03-19,152,38,"N",-2,"Alive"
"1318",152,"Swan Creek","OR",2023,2023-04-05,87,10.3,"Alive",NA,2022-03-19,152,38,"N",382,"Alive"
"1319",152,"Swan Creek","OR",2024,2024-06-07,109,21,"Alive",NA,2022-03-19,152,38,"N",811,"Alive"
"1320",152,"Swan Creek","OR",2025,2025-06-13,156,29.6,"Alive",NA,2022-03-19,152,38,"N",1182,"Alive"
"1321",152,"Swan Creek","OR",2026,2026-04-29,165,32.28,"Alive",NA,2022-03-19,152,38,"N",1502,"Alive"
"1322",152,"Swan Creek","WA",2022,2022-03-17,95.4,10.1,"Alive",NA,2022-03-19,397,31,"N",-2,"Alive"
"1323",152,"Swan Creek","WA",2023,2023-04-05,101,14.3,"Alive",NA,2022-03-19,397,31,"N",382,"Alive"
"1324",152,"Swan Creek","WA",2024,2024-06-07,113,21.5,"Alive",NA,2022-03-19,397,31,"N",811,"Alive"
"1325",152,"Swan Creek","WA",2025,2025-06-13,136,28.4,"Alive",NA,2022-03-19,397,31,"N",1182,"Alive"
"1326",152,"Swan Creek","WA",2026,2026-04-29,142,29.23,"Alive","black tipped cones, scotchbroom",2022-03-19,397,31,"N",1502,"Alive"
"1327",153,"Swan Creek","OR",2022,2022-03-17,74.5,9.9,"Alive",NA,2022-03-19,153,NA,"N",-2,"Dead"
"1328",153,"Swan Creek","OR",2023,2023-04-05,76,12.1,"Alive",NA,2022-03-19,153,NA,"N",382,"Dead"
"1329",153,"Swan Creek","OR",2024,2024-06-07,77,9.5,"Dead",NA,2022-03-19,153,NA,"N",811,"Dead"
"1330",153,"Swan Creek","OR",2025,2025-06-13,NA,NA,"Dead",NA,2022-03-19,153,NA,"N",1182,"Dead"
"1331",153,"Swan Creek","WA",2022,2022-03-17,91.8,11.6,"Alive",NA,2022-03-19,398,39,"N",-2,"Dead"
"1332",153,"Swan Creek","WA",2023,2023-04-05,85,9.9,"Alive",NA,2022-03-19,398,39,"N",382,"Dead"
"1333",153,"Swan Creek","WA",2024,2024-06-07,95,16,"Alive",NA,2022-03-19,398,39,"N",811,"Dead"
"1334",153,"Swan Creek","WA",2025,2025-06-13,123,25.5,"Alive","No tag/ant hill base",2022-03-19,398,39,"N",1182,"Dead"
"1335",153,"Swan Creek","WA",2026,2026-04-29,NA,NA,"Dead",NA,2022-03-19,398,39,"N",1502,"Dead"
"1336",154,"Swan Creek","OR",2022,2022-03-17,97.5,10.6,"Alive",NA,2022-03-19,154,45,"N",-2,"Alive"
"1337",154,"Swan Creek","OR",2023,2023-04-05,98,11.2,"Alive",NA,2022-03-19,154,45,"N",382,"Alive"
"1338",154,"Swan Creek","OR",2024,2024-06-07,115,14.2,"Alive",NA,2022-03-19,154,45,"N",811,"Alive"
"1339",154,"Swan Creek","OR",2025,2025-06-13,122,17,"Alive",NA,2022-03-19,154,45,"N",1182,"Alive"
"1340",154,"Swan Creek","OR",2026,2026-04-29,133,22.37,"Alive",NA,2022-03-19,154,45,"N",1502,"Alive"
"1341",154,"Swan Creek","WA",2022,2022-03-17,86,11,"Alive",NA,2022-03-19,399,40,"N",-2,"Dead"
"1342",154,"Swan Creek","WA",2023,2023-04-05,86,10.1,"Alive","few cones",2022-03-19,399,40,"N",382,"Dead"
"1343",154,"Swan Creek","WA",2024,2024-06-07,94,14,"Alive",NA,2022-03-19,399,40,"N",811,"Dead"
"1344",154,"Swan Creek","WA",2025,2025-06-13,118,20.4,"Alive",NA,2022-03-19,399,40,"N",1182,"Dead"
"1345",154,"Swan Creek","WA",2026,2026-04-29,NA,NA,"Dead",NA,2022-03-19,399,40,"N",1502,"Dead"
"1346",155,"Swan Creek","OR",2022,2022-03-17,80.5,12,"Alive",NA,2022-03-19,155,NA,"N",-2,"Dead"
"1347",155,"Swan Creek","OR",2023,2023-04-05,85,9.5,"Alive",NA,2022-03-19,155,NA,"N",382,"Dead"
"1348",155,"Swan Creek","OR",2024,2024-06-07,85,12.5,"Dead",NA,2022-03-19,155,NA,"N",811,"Dead"
"1349",155,"Swan Creek","OR",2025,2025-06-13,NA,NA,"Dead",NA,2022-03-19,155,NA,"N",1182,"Dead"
"1350",155,"Swan Creek","WA",2022,2022-03-17,91.8,10.2,"Alive",NA,2022-03-19,400,NA,"N",-2,"Dead"
"1351",155,"Swan Creek","WA",2023,2023-04-05,100,13.6,"Alive","potential cedar leaf blight on bottom braches",2022-03-19,400,NA,"N",382,"Dead"
"1352",155,"Swan Creek","WA",2024,2024-06-07,103,13.8,"Dead",NA,2022-03-19,400,NA,"N",811,"Dead"
"1353",155,"Swan Creek","WA",2025,2025-06-13,NA,NA,"Dead",NA,2022-03-19,400,NA,"N",1182,"Dead"
"1354",156,"Swan Creek","OR",2022,2022-03-17,105,10.1,"Alive",NA,2022-03-19,156,NA,"N",-2,"Dead"
"1355",156,"Swan Creek","OR",2023,2023-04-05,109,11.5,"Alive",NA,2022-03-19,156,NA,"N",382,"Dead"
"1356",156,"Swan Creek","OR",2024,2024-06-07,110,12.7,"Dead",NA,2022-03-19,156,NA,"N",811,"Dead"
"1357",156,"Swan Creek","OR",2025,2025-06-13,NA,NA,"Dead",NA,2022-03-19,156,NA,"N",1182,"Dead"
"1358",156,"Swan Creek","WA",2022,2022-03-17,76.8,9.6,"Alive","two shoots/tops",2022-03-19,401,NA,"N",-2,"Dead"
"1359",156,"Swan Creek","WA",2023,2023-04-05,81,9.2,"Alive",NA,2022-03-19,401,NA,"N",382,"Dead"
"1360",156,"Swan Creek","WA",2024,2024-06-07,NA,NA,"Dead",NA,2022-03-19,401,NA,"N",811,"Dead"
"1361",156,"Swan Creek","WA",2025,2025-06-13,NA,NA,"Dead",NA,2022-03-19,401,NA,"N",1182,"Dead"
"1362",157,"Swan Creek","OR",2022,2022-03-17,88,9.4,"Alive","two shoots/tops",2022-03-19,157,46,"N",-2,"Alive"
"1363",157,"Swan Creek","OR",2023,2023-04-05,95,10.3,"Alive",NA,2022-03-19,157,46,"N",382,"Alive"
"1364",157,"Swan Creek","OR",2024,2024-06-07,100,15,"Alive",NA,2022-03-19,157,46,"N",811,"Alive"
"1365",157,"Swan Creek","OR",2025,2025-06-13,104,15.7,"Alive","Mechanical damage",2022-03-19,157,46,"N",1182,"Alive"
"1366",157,"Swan Creek","OR",2026,2026-04-29,103,17.91,"Alive",NA,2022-03-19,157,46,"N",1502,"Alive"
"1367",157,"Swan Creek","WA",2022,2022-03-17,73,8.3,"Alive",NA,2022-03-19,402,41,"N",-2,"Alive"
"1368",157,"Swan Creek","WA",2023,2023-04-05,84,12.7,"Alive",NA,2022-03-19,402,41,"N",382,"Alive"
"1369",157,"Swan Creek","WA",2024,2024-06-07,111,16.1,"Alive",NA,2022-03-19,402,41,"N",811,"Alive"
"1370",157,"Swan Creek","WA",2025,2025-06-13,141,24.4,"Alive",NA,2022-03-19,402,41,"N",1182,"Alive"
"1371",157,"Swan Creek","WA",2026,2026-04-29,142,27.23,"Alive","dying still some green",2022-03-19,402,41,"N",1502,"Alive"
"1372",158,"Swan Creek","OR",2022,2022-03-17,77,8.8,"Alive",NA,2022-03-19,158,NA,"N",-2,"Dead"
"1373",158,"Swan Creek","OR",2023,2023-04-05,86,9.2,"Dead",NA,2022-03-19,158,NA,"N",382,"Dead"
"1374",158,"Swan Creek","OR",2024,2024-06-07,NA,NA,"Dead",NA,2022-03-19,158,NA,"N",811,"Dead"
"1375",158,"Swan Creek","OR",2025,2025-06-13,NA,NA,"Dead",NA,2022-03-19,158,NA,"N",1182,"Dead"
"1376",158,"Swan Creek","WA",2022,2022-03-17,83.2,10.8,"Alive",NA,2022-03-19,403,42,"N",-2,"Alive"
"1377",158,"Swan Creek","WA",2023,2023-04-05,89,8.4,"Alive",NA,2022-03-19,403,42,"N",382,"Alive"
"1378",158,"Swan Creek","WA",2024,2024-06-07,94,10.8,"Alive",NA,2022-03-19,403,42,"N",811,"Alive"
"1379",158,"Swan Creek","WA",2025,2025-06-13,106,14.4,"Alive","Thinning foliage, sparse branches",2022-03-19,403,42,"N",1182,"Alive"
"1380",158,"Swan Creek","WA",2026,2026-04-29,NA,NA,"Alive",NA,2022-03-19,403,42,"N",1502,"Alive"
"1381",159,"Swan Creek","OR",2022,2022-03-17,98.5,12.5,"Alive",NA,2022-03-19,159,47,"N",-2,"Missing"
"1382",159,"Swan Creek","OR",2023,2023-04-05,99,14.5,"Alive","potential cedar leaf blight on bottom braches",2022-03-19,159,47,"N",382,"Missing"
"1383",159,"Swan Creek","OR",2024,2024-06-07,109,19.1,"Alive",NA,2022-03-19,159,47,"N",811,"Missing"
"1384",159,"Swan Creek","OR",2025,2025-06-13,122,24.8,"Alive",NA,2022-03-19,159,47,"N",1182,"Missing"
"1385",159,"Swan Creek","OR",2026,2026-04-29,NA,NA,"Missing",NA,2022-03-19,159,47,"N",1502,"Missing"
"1386",159,"Swan Creek","WA",2022,2022-03-17,94.4,11.4,"Alive",NA,2022-03-19,404,43,"N",-2,"Alive"
"1387",159,"Swan Creek","WA",2023,2023-04-05,101,15.1,"Alive",NA,2022-03-19,404,43,"N",382,"Alive"
"1388",159,"Swan Creek","WA",2024,2024-06-07,120,24.8,"Alive",NA,2022-03-19,404,43,"N",811,"Alive"
"1389",159,"Swan Creek","WA",2025,2025-06-13,151,41.5,"Alive","Cones",2022-03-19,404,43,"N",1182,"Alive"
"1390",159,"Swan Creek","WA",2026,2026-04-29,NA,NA,"Alive",NA,2022-03-19,404,43,"N",1502,"Alive"
"1391",160,"Swan Creek","OR",2022,2022-03-17,83.5,9.9,"Alive",NA,2022-03-19,160,48,"N",-2,"Dead"
"1392",160,"Swan Creek","OR",2023,2023-04-05,89,9.6,"Alive",NA,2022-03-19,160,48,"N",382,"Dead"
"1393",160,"Swan Creek","OR",2024,2024-06-07,94,11.7,"Alive",NA,2022-03-19,160,48,"N",811,"Dead"
"1394",160,"Swan Creek","OR",2025,2025-06-13,NA,NA,"Dead","Missing/presumed dead",2022-03-19,160,48,"N",1182,"Dead"
"1395",160,"Swan Creek","OR",2026,2026-04-29,NA,NA,"Dead",NA,2022-03-19,160,48,"N",1502,"Dead"
"1396",160,"Swan Creek","WA",2022,2022-03-17,83.8,12.1,"Alive",NA,2022-03-19,405,NA,"N",-2,"Dead"
"1397",160,"Swan Creek","WA",2023,2023-04-05,85,13,"Alive",NA,2022-03-19,405,NA,"N",382,"Dead"
"1398",160,"Swan Creek","WA",2024,2024-06-07,85,11,"Dead",NA,2022-03-19,405,NA,"N",811,"Dead"
"1399",160,"Swan Creek","WA",2025,2025-06-13,NA,NA,"Dead",NA,2022-03-19,405,NA,"N",1182,"Dead"
"1400",161,"Swan Creek","OR",2022,2022-03-17,88,9.8,"Alive",NA,2022-03-19,161,49,"N",-2,"Alive"
"1401",161,"Swan Creek","OR",2023,2023-04-05,85,14.3,"Alive",NA,2022-03-19,161,49,"N",382,"Alive"
"1402",161,"Swan Creek","OR",2024,2024-06-07,101,19.3,"Alive",NA,2022-03-19,161,49,"N",811,"Alive"
"1403",161,"Swan Creek","OR",2025,2025-06-13,132,30.2,"Alive",NA,2022-03-19,161,49,"N",1182,"Alive"
"1404",161,"Swan Creek","OR",2026,2026-04-29,137,33.05,"Alive","scotchbroom, epicormic sprouting",2022-03-19,161,49,"N",1502,"Alive"
"1405",161,"Swan Creek","WA",2022,2022-03-17,109.4,11.5,"Alive",NA,2022-03-19,406,44,"N",-2,"Alive"
"1406",161,"Swan Creek","WA",2023,2023-04-05,106,11.4,"Alive",NA,2022-03-19,406,44,"N",382,"Alive"
"1407",161,"Swan Creek","WA",2024,2024-06-07,131,24.4,"Alive",NA,2022-03-19,406,44,"N",811,"Alive"
"1408",161,"Swan Creek","WA",2025,2025-06-13,176,34,"Alive",NA,2022-03-19,406,44,"N",1182,"Alive"
"1409",161,"Swan Creek","WA",2026,2026-04-29,186,37.34,"Alive","scotchbroom",2022-03-19,406,44,"N",1502,"Alive"
"1410",162,"Swan Creek","OR",2022,2022-03-17,77,9.4,"Alive",NA,2022-03-19,162,54,"N",-2,"Alive"
"1411",162,"Swan Creek","OR",2023,2023-04-05,85,10.5,"Alive",NA,2022-03-19,162,54,"N",382,"Alive"
"1412",162,"Swan Creek","OR",2024,2024-06-07,91,15.4,"Alive",NA,2022-03-19,162,54,"N",811,"Alive"
"1413",162,"Swan Creek","OR",2025,2025-06-13,104,18.7,"Alive",NA,2022-03-19,162,54,"N",1182,"Alive"
"1414",162,"Swan Creek","OR",2026,2026-04-29,104,20.43,"Alive",NA,2022-03-19,162,54,"N",1502,"Alive"
"1415",162,"Swan Creek","WA",2022,2022-03-17,94,9,"Alive",NA,2022-03-19,407,NA,"N",-2,"Dead"
"1416",162,"Swan Creek","WA",2023,2023-04-05,86,6.3,"Dead",NA,2022-03-19,407,NA,"N",382,"Dead"
"1417",162,"Swan Creek","WA",2024,2024-06-07,NA,NA,"Dead",NA,2022-03-19,407,NA,"N",811,"Dead"
"1418",162,"Swan Creek","WA",2025,2025-06-13,NA,NA,"Dead",NA,2022-03-19,407,NA,"N",1182,"Dead"
"1419",163,"Swan Creek","OR",2022,2022-03-17,36,5.7,"Alive",NA,2022-03-19,163,NA,"N",-2,"Missing"
"1420",163,"Swan Creek","OR",2023,2023-04-05,39,9.1,"Alive","branches not fully developed",2022-03-19,163,NA,"N",382,"Missing"
"1421",163,"Swan Creek","OR",2024,2024-06-07,NA,NA,"Missing",NA,2022-03-19,163,NA,"N",811,"Missing"
"1422",163,"Swan Creek","OR",2025,2025-06-13,NA,NA,"Missing",NA,2022-03-19,163,NA,"N",1182,"Missing"
"1423",163,"Swan Creek","WA",2022,2022-03-17,82.2,9.9,"Alive",NA,2022-03-19,408,50,"N",-2,"Alive"
"1424",163,"Swan Creek","WA",2023,2023-04-05,90,14,"Alive",NA,2022-03-19,408,50,"N",382,"Alive"
"1425",163,"Swan Creek","WA",2024,2024-06-07,98,23.7,"Alive",NA,2022-03-19,408,50,"N",811,"Alive"
"1426",163,"Swan Creek","WA",2025,2025-06-13,130,NA,"Alive","Did not get DBH due to wasp nest on lower branch of cedar",2022-03-19,408,50,"N",1182,"Alive"
"1427",163,"Swan Creek","WA",2026,2026-04-29,145,38.18,"Alive",NA,2022-03-19,408,50,"N",1502,"Alive"
"1428",164,"Swan Creek","OR",2022,2022-03-17,84,9.6,"Alive",NA,2022-03-19,164,55,"N",-2,"Alive"
"1429",164,"Swan Creek","OR",2023,2023-04-05,87,11,"Alive",NA,2022-03-19,164,55,"N",382,"Alive"
"1430",164,"Swan Creek","OR",2024,2024-06-07,114,29.9,"Alive",NA,2022-03-19,164,55,"N",811,"Alive"
"1431",164,"Swan Creek","OR",2025,2025-06-13,166,41.2,"Alive",NA,2022-03-19,164,55,"N",1182,"Alive"
"1432",164,"Swan Creek","OR",2026,2026-04-29,166,41.24,"Alive","dead top, still winterized?, new lead, epicormic sprouting",2022-03-19,164,55,"N",1502,"Alive"
"1433",164,"Swan Creek","WA",2022,2022-03-17,99.4,9.7,"Alive",NA,2022-03-19,409,NA,"N",-2,"Dead"
"1434",164,"Swan Creek","WA",2023,2023-04-05,95,11.4,"Alive",NA,2022-03-19,409,NA,"N",382,"Dead"
"1435",164,"Swan Creek","WA",2024,2024-06-07,95,14.6,"Dead",NA,2022-03-19,409,NA,"N",811,"Dead"
"1436",164,"Swan Creek","WA",2025,2025-06-13,NA,NA,"Dead",NA,2022-03-19,409,NA,"N",1182,"Dead"
"1437",165,"Swan Creek","OR",2022,2022-03-17,80.5,8.7,"Alive",NA,2022-03-19,165,56,"N",-2,"Alive"
"1438",165,"Swan Creek","OR",2023,2023-04-05,90,14.7,"Alive",NA,2022-03-19,165,56,"N",382,"Alive"
"1439",165,"Swan Creek","OR",2024,2024-06-07,120,29.2,"Alive",NA,2022-03-19,165,56,"N",811,"Alive"
"1440",165,"Swan Creek","OR",2025,2025-06-13,159,42.4,"Alive",NA,2022-03-19,165,56,"N",1182,"Alive"
"1441",165,"Swan Creek","OR",2026,2026-04-29,167,43.05,"Alive","epicormic sprouting",2022-03-19,165,56,"N",1502,"Alive"
"1442",165,"Swan Creek","WA",2022,2022-03-17,96.8,11.9,"Alive",NA,2022-03-19,410,NA,"N",-2,"Dead"
"1443",165,"Swan Creek","WA",2023,2023-04-05,99,13.6,"Dead",NA,2022-03-19,410,NA,"N",382,"Dead"
"1444",165,"Swan Creek","WA",2024,2024-06-07,NA,NA,"Dead",NA,2022-03-19,410,NA,"N",811,"Dead"
"1445",165,"Swan Creek","WA",2025,2025-06-13,NA,NA,"Dead",NA,2022-03-19,410,NA,"N",1182,"Dead"
"1446",166,"Swan Creek","OR",2022,2022-03-17,71,11.3,"Alive",NA,2022-03-19,166,57,"N",-2,"Dead"
"1447",166,"Swan Creek","OR",2023,2023-04-05,84,15.2,"Alive",NA,2022-03-19,166,57,"N",382,"Dead"
"1448",166,"Swan Creek","OR",2024,2024-06-07,99,19.5,"Alive",NA,2022-03-19,166,57,"N",811,"Dead"
"1449",166,"Swan Creek","OR",2025,2025-06-13,NA,NA,"Dead","Missing/presumed dead",2022-03-19,166,57,"N",1182,"Dead"
"1450",166,"Swan Creek","OR",2026,2026-04-29,NA,NA,"Dead",NA,2022-03-19,166,57,"N",1502,"Dead"
"1451",166,"Swan Creek","WA",2022,2022-03-17,100.6,11.5,"Alive",NA,2022-03-19,411,51,"N",-2,"Alive"
"1452",166,"Swan Creek","WA",2023,2023-04-05,101,12.5,"Alive",NA,2022-03-19,411,51,"N",382,"Alive"
"1453",166,"Swan Creek","WA",2024,2024-06-07,130,31.8,"Alive",NA,2022-03-19,411,51,"N",811,"Alive"
"1454",166,"Swan Creek","WA",2025,2025-06-13,177,44.4,"Alive",NA,2022-03-19,411,51,"N",1182,"Alive"
"1455",166,"Swan Creek","WA",2026,2026-04-29,189,49.09,"Alive",NA,2022-03-19,411,51,"N",1502,"Alive"
"1456",167,"Swan Creek","OR",2022,2022-03-17,75,8.1,"Alive",NA,2022-03-19,167,58,"N",-2,"Alive"
"1457",167,"Swan Creek","OR",2023,2023-04-05,84,13.9,"Alive","potential cedar leaf blight on bottom branches",2022-03-19,167,58,"N",382,"Alive"
"1458",167,"Swan Creek","OR",2024,2024-06-07,105,24,"Alive",NA,2022-03-19,167,58,"N",811,"Alive"
"1459",167,"Swan Creek","OR",2025,2025-06-13,146,37.6,"Alive",NA,2022-03-19,167,58,"N",1182,"Alive"
"1460",167,"Swan Creek","OR",2026,2026-04-29,160,41.75,"Alive","epicormic sprouting, sprouts dead",2022-03-19,167,58,"N",1502,"Alive"
"1461",167,"Swan Creek","WA",2022,2022-03-17,113.2,12,"Alive",NA,2022-03-19,412,52,"N",-2,"Alive"
"1462",167,"Swan Creek","WA",2023,2023-04-05,113,11,"Alive",NA,2022-03-19,412,52,"N",382,"Alive"
"1463",167,"Swan Creek","WA",2024,2024-06-07,124,21.4,"Alive",NA,2022-03-19,412,52,"N",811,"Alive"
"1464",167,"Swan Creek","WA",2025,2025-06-13,139,28,"Alive","Mechanical damage",2022-03-19,412,52,"N",1182,"Alive"
"1465",167,"Swan Creek","WA",2026,2026-04-29,139,26.74,"Alive","Dying, green on back",2022-03-19,412,52,"N",1502,"Alive"
"1466",168,"Swan Creek","OR",2022,2022-03-17,75,7.1,"Alive",NA,2022-03-19,168,NA,"N",-2,"Dead"
"1467",168,"Swan Creek","OR",2023,2023-04-05,67,6.8,"Alive","potential cedar leaf blight on bottom branches",2022-03-19,168,NA,"N",382,"Dead"
"1468",168,"Swan Creek","OR",2024,2024-06-07,NA,NA,"Dead",NA,2022-03-19,168,NA,"N",811,"Dead"
"1469",168,"Swan Creek","OR",2025,2025-06-13,NA,NA,"Dead",NA,2022-03-19,168,NA,"N",1182,"Dead"
"1470",168,"Swan Creek","WA",2022,2022-03-17,99,12.1,"Alive",NA,2022-03-19,413,53,"N",-2,"Alive"
"1471",168,"Swan Creek","WA",2023,2023-04-05,101,17.9,"Alive",NA,2022-03-19,413,53,"N",382,"Alive"
"1472",168,"Swan Creek","WA",2024,2024-06-07,131,13.2,"Alive",NA,2022-03-19,413,53,"N",811,"Alive"
"1473",168,"Swan Creek","WA",2025,2025-06-13,165,46.9,"Alive",NA,2022-03-19,413,53,"N",1182,"Alive"
"1474",168,"Swan Creek","WA",2026,2026-04-29,180,50.49,"Alive",NA,2022-03-19,413,53,"N",1502,"Alive"
"1475",169,"Swan Creek","OR",2022,2022-03-17,79,8.1,"Alive",NA,2022-03-19,169,NA,"N",-2,"Dead"
"1476",169,"Swan Creek","OR",2023,2023-04-05,87,8.6,"Alive","root crown showing from planting",2022-03-19,169,NA,"N",382,"Dead"
"1477",169,"Swan Creek","OR",2024,2024-06-07,NA,NA,"Dead",NA,2022-03-19,169,NA,"N",811,"Dead"
"1478",169,"Swan Creek","OR",2025,2025-06-13,NA,NA,"Dead",NA,2022-03-19,169,NA,"N",1182,"Dead"
"1479",169,"Swan Creek","WA",2022,2022-03-17,100.8,13.4,"Alive",NA,2022-03-19,414,59,"N",-2,"Dead"
"1480",169,"Swan Creek","WA",2023,2023-04-05,103,11.5,"Alive","potential cedar leaf blight on bottom braches",2022-03-19,414,59,"N",382,"Dead"
"1481",169,"Swan Creek","WA",2024,2024-06-07,124,21.9,"Alive",NA,2022-03-19,414,59,"N",811,"Dead"
"1482",169,"Swan Creek","WA",2025,2025-06-13,NA,NA,"Missing","Missing/presumed dead",2022-03-19,414,59,"N",1182,"Dead"
"1483",169,"Swan Creek","WA",2026,2026-04-29,NA,NA,"Dead",NA,2022-03-19,414,59,"N",1502,"Dead"
"1484",170,"Swan Creek","OR",2022,2022-03-17,71.5,7.3,"Alive",NA,2022-03-19,170,NA,"N",-2,"Dead"
"1485",170,"Swan Creek","OR",2023,2023-04-05,81,7.4,"Alive",NA,2022-03-19,170,NA,"N",382,"Dead"
"1486",170,"Swan Creek","OR",2024,2024-06-07,NA,NA,"Dead",NA,2022-03-19,170,NA,"N",811,"Dead"
"1487",170,"Swan Creek","OR",2025,2025-06-13,NA,NA,"Dead",NA,2022-03-19,170,NA,"N",1182,"Dead"
"1488",170,"Swan Creek","WA",2022,2022-03-17,97.4,11.3,"Alive",NA,2022-03-19,415,60,"N",-2,"Alive"
"1489",170,"Swan Creek","WA",2023,2023-04-05,99,12.6,"Alive",NA,2022-03-19,415,60,"N",382,"Alive"
"1490",170,"Swan Creek","WA",2024,2024-06-07,108,17,"Alive",NA,2022-03-19,415,60,"N",811,"Alive"
"1491",170,"Swan Creek","WA",2025,2025-06-13,151,30.6,"Alive","1st tree in its row",2022-03-19,415,60,"N",1182,"Alive"
"1492",170,"Swan Creek","WA",2026,2026-04-29,158,33.05,"Alive","missing tag, flagging near bottom",2022-03-19,415,60,"N",1502,"Alive"
"1493",171,"Swan Creek","OR",2022,2022-03-17,84,11.4,"Alive",NA,2022-03-19,171,65,"N",-2,"Alive"
"1494",171,"Swan Creek","OR",2023,2023-04-05,95,12.3,"Alive",NA,2022-03-19,171,65,"N",382,"Alive"
"1495",171,"Swan Creek","OR",2024,2024-06-07,123,24.7,"Alive",NA,2022-03-19,171,65,"N",811,"Alive"
"1496",171,"Swan Creek","OR",2025,2025-06-13,176,38.1,"Alive",NA,2022-03-19,171,65,"N",1182,"Alive"
"1497",171,"Swan Creek","OR",2026,2026-04-29,187,51.59,"Alive",NA,2022-03-19,171,65,"N",1502,"Alive"
"1498",171,"Swan Creek","WA",2022,2022-03-17,106.4,10,"Alive",NA,2022-03-19,416,NA,"N",-2,"Dead"
"1499",171,"Swan Creek","WA",2023,2023-04-05,77,11.5,"Alive","broken stem and potential cedar leaf blight on bottom branches",2022-03-19,416,NA,"N",382,"Dead"
"1500",171,"Swan Creek","WA",2024,2024-06-07,NA,NA,"Dead",NA,2022-03-19,416,NA,"N",811,"Dead"
"1501",171,"Swan Creek","WA",2025,2025-06-13,NA,NA,"Dead",NA,2022-03-19,416,NA,"N",1182,"Dead"
"1502",172,"Swan Creek","OR",2022,2022-03-17,86,11,"Alive",NA,2022-03-19,172,66,"N",-2,"Alive"
"1503",172,"Swan Creek","OR",2023,2023-04-05,93,12,"Alive",NA,2022-03-19,172,66,"N",382,"Alive"
"1504",172,"Swan Creek","OR",2024,2024-06-07,122,24.8,"Alive",NA,2022-03-19,172,66,"N",811,"Alive"
"1505",172,"Swan Creek","OR",2025,2025-06-13,166,39.5,"Alive",NA,2022-03-19,172,66,"N",1182,"Alive"
"1506",172,"Swan Creek","OR",2026,2026-04-29,174,42.09,"Alive",NA,2022-03-19,172,66,"N",1502,"Alive"
"1507",172,"Swan Creek","WA",2022,2022-03-17,101.8,12.2,"Alive",NA,2022-03-19,417,61,"N",-2,"Alive"
"1508",172,"Swan Creek","WA",2023,2023-04-05,101,12,"Alive",NA,2022-03-19,417,61,"N",382,"Alive"
"1509",172,"Swan Creek","WA",2024,2024-06-07,111,17.4,"Alive",NA,2022-03-19,417,61,"N",811,"Alive"
"1510",172,"Swan Creek","WA",2025,2025-06-13,136,27.6,"Alive",NA,2022-03-19,417,61,"N",1182,"Alive"
"1511",172,"Swan Creek","WA",2026,2026-04-29,147,29.39,"Alive",NA,2022-03-19,417,61,"N",1502,"Alive"
"1512",173,"Swan Creek","OR",2022,2022-03-17,69,7.8,"Alive",NA,2022-03-19,173,67,"N",-2,"Dead"
"1513",173,"Swan Creek","OR",2023,2023-04-05,66,6.6,"Alive",NA,2022-03-19,173,67,"N",382,"Dead"
"1514",173,"Swan Creek","OR",2024,2024-06-07,79,12.8,"Alive",NA,2022-03-19,173,67,"N",811,"Dead"
"1515",173,"Swan Creek","OR",2025,2025-06-13,95,20.5,"Alive",NA,2022-03-19,173,67,"N",1182,"Dead"
"1516",173,"Swan Creek","OR",2026,2026-04-29,NA,NA,"Dead",NA,2022-03-19,173,67,"N",1502,"Dead"
"1517",173,"Swan Creek","WA",2022,2022-03-17,70.6,11.3,"Alive",NA,2022-03-19,418,62,"N",-2,"Alive"
"1518",173,"Swan Creek","WA",2023,2023-04-05,76,12.4,"Alive","potential cedar leaf blight on bottom braches",2022-03-19,418,62,"N",382,"Alive"
"1519",173,"Swan Creek","WA",2024,2024-06-07,90,21.5,"Alive",NA,2022-03-19,418,62,"N",811,"Alive"
"1520",173,"Swan Creek","WA",2025,2025-06-13,115,34.3,"Alive",NA,2022-03-19,418,62,"N",1182,"Alive"
"1521",173,"Swan Creek","WA",2026,2026-04-29,121,35.82,"Alive",NA,2022-03-19,418,62,"N",1502,"Alive"
"1522",174,"Swan Creek","OR",2022,2022-03-17,82.5,10.1,"Alive",NA,2022-03-19,174,68,"N",-2,"Alive"
"1523",174,"Swan Creek","OR",2023,2023-04-05,81,8.6,"Alive",NA,2022-03-19,174,68,"N",382,"Alive"
"1524",174,"Swan Creek","OR",2024,2024-06-07,106,19.3,"Alive",NA,2022-03-19,174,68,"N",811,"Alive"
"1525",174,"Swan Creek","OR",2025,2025-06-13,157,27.8,"Alive",NA,2022-03-19,174,68,"N",1182,"Alive"
"1526",174,"Swan Creek","OR",2026,2026-04-29,170,44.36,"Alive","PMTU",2022-03-19,174,68,"N",1502,"Alive"
"1527",174,"Swan Creek","WA",2022,2022-03-17,94,11.3,"Alive",NA,2022-03-19,419,63,"N",-2,"Alive"
"1528",174,"Swan Creek","WA",2023,2023-04-05,102,17.2,"Alive",NA,2022-03-19,419,63,"N",382,"Alive"
"1529",174,"Swan Creek","WA",2024,2024-06-07,130,23.7,"Alive",NA,2022-03-19,419,63,"N",811,"Alive"
"1530",174,"Swan Creek","WA",2025,2025-06-13,178,37.4,"Alive",NA,2022-03-19,419,63,"N",1182,"Alive"
"1531",174,"Swan Creek","WA",2026,2026-04-29,196,38.88,"Alive",NA,2022-03-19,419,63,"N",1502,"Alive"
"1532",175,"Swan Creek","OR",2022,2022-03-17,73.5,8.6,"Alive",NA,2022-03-19,175,NA,"N",-2,"Missing"
"1533",175,"Swan Creek","OR",2023,2023-04-05,NA,NA,"Missing",NA,2022-03-19,175,NA,"N",382,"Missing"
"1534",175,"Swan Creek","OR",2024,2024-06-07,NA,NA,"Missing",NA,2022-03-19,175,NA,"N",811,"Missing"
"1535",175,"Swan Creek","OR",2025,2025-06-13,NA,NA,"Missing",NA,2022-03-19,175,NA,"N",1182,"Missing"
"1536",175,"Swan Creek","WA",2022,2022-03-17,89.4,9.3,"Alive",NA,2022-03-19,420,64,"N",-2,"Alive"
"1537",175,"Swan Creek","WA",2023,2023-04-05,89,12.7,"Alive",NA,2022-03-19,420,64,"N",382,"Alive"
"1538",175,"Swan Creek","WA",2024,2024-06-07,106,27.1,"Alive",NA,2022-03-19,420,64,"N",811,"Alive"
"1539",175,"Swan Creek","WA",2025,2025-06-13,176,43.1,"Alive","roots exposed at bottom",2022-03-19,420,64,"N",1182,"Alive"
"1540",175,"Swan Creek","WA",2026,2026-04-29,185,46.56,"Alive",NA,2022-03-19,420,64,"N",1502,"Alive"
"1541",176,"Renton","OR",2022,2022-05-05,76,7.4,"Alive",NA,2022-05-07,176,144,"N",-2,"Dead"
"1542",176,"Renton","OR",2023,2023-04-12,90,10.2,"Alive",NA,2022-05-07,176,144,"N",340,"Dead"
"1543",176,"Renton","OR",2024,2024-06-18,128,16.7,"Alive",NA,2022-05-07,176,144,"N",773,"Dead"
"1544",176,"Renton","OR",2025,2025-06-12,NA,NA,"Missing","Missing/presumed dead",2022-05-07,176,144,"N",1132,"Dead"
"1545",176,"Renton","OR",2026,2026-04-30,NA,NA,"Dead","epicormic sprouting",2022-05-07,176,144,"N",1454,"Dead"
"1546",176,"Renton","WA",2022,2022-05-05,91,9.5,"Alive",NA,2022-05-07,421,143,"N",-2,"Alive"
"1547",176,"Renton","WA",2023,2023-04-12,94,11.6,"Alive",NA,2022-05-07,421,143,"N",340,"Alive"
"1548",176,"Renton","WA",2024,2024-06-18,130,19.3,"Alive","Damage on trunk",2022-05-07,421,143,"N",773,"Alive"
"1549",176,"Renton","WA",2025,2025-06-12,161,27.1,"Alive","No tag",2022-05-07,421,143,"N",1132,"Alive"
"1550",176,"Renton","WA",2026,2026-04-30,178,33.3,"Alive",NA,2022-05-07,421,143,"N",1454,"Alive"
"1551",177,"Renton","OR",2022,2022-05-05,38.5,6.8,"Alive",NA,2022-05-07,177,146,"N",-2,"Dead"
"1552",177,"Renton","OR",2023,2023-04-12,44,8.3,"Alive",NA,2022-05-07,177,146,"N",340,"Dead"
"1553",177,"Renton","OR",2024,2024-06-18,85,12.6,"Alive",NA,2022-05-07,177,146,"N",773,"Dead"
"1554",177,"Renton","OR",2025,2025-06-12,NA,NA,"Missing","Missing/presumed dead",2022-05-07,177,146,"N",1132,"Dead"
"1555",177,"Renton","OR",2026,2026-04-30,NA,NA,"Dead",NA,2022-05-07,177,146,"N",1454,"Dead"
"1556",177,"Renton","WA",2022,2022-05-05,72,9.3,"Alive",NA,2022-05-07,422,145,"N",-2,"Alive"
"1557",177,"Renton","WA",2023,2023-04-12,79,13.3,"Alive",NA,2022-05-07,422,145,"N",340,"Alive"
"1558",177,"Renton","WA",2024,2024-06-18,124,20.4,"Alive",NA,2022-05-07,422,145,"N",773,"Alive"
"1559",177,"Renton","WA",2025,2025-06-12,158,25.6,"Alive","1st on entry on left",2022-05-07,422,145,"N",1132,"Alive"
"1560",177,"Renton","WA",2026,2026-04-30,166,27.61,"Alive",NA,2022-05-07,422,145,"N",1454,"Alive"
"1561",178,"Renton","OR",2022,2022-05-05,83,10,"Alive",NA,2022-05-07,178,148,"N",-2,"Dead"
"1562",178,"Renton","OR",2023,2023-04-12,84,13.8,"Alive",NA,2022-05-07,178,148,"N",340,"Dead"
"1563",178,"Renton","OR",2024,2024-06-18,126,18.4,"Alive",NA,2022-05-07,178,148,"N",773,"Dead"
"1564",178,"Renton","OR",2025,2025-06-12,174,27.6,"Alive",NA,2022-05-07,178,148,"N",1132,"Dead"
"1565",178,"Renton","OR",2026,2026-04-30,NA,NA,"Dead",NA,2022-05-07,178,148,"N",1454,"Dead"
"1566",178,"Renton","WA",2022,2022-05-05,78,10.8,"Alive",NA,2022-05-07,423,147,"N",-2,"Alive"
"1567",178,"Renton","WA",2023,2023-04-12,89,9.8,"Alive",NA,2022-05-07,423,147,"N",340,"Alive"
"1568",178,"Renton","WA",2024,2024-06-18,116,16.4,"Alive","Blackberry growing under tree",2022-05-07,423,147,"N",773,"Alive"
"1569",178,"Renton","WA",2025,2025-06-12,139,20.5,"Alive",NA,2022-05-07,423,147,"N",1132,"Alive"
"1570",178,"Renton","WA",2026,2026-04-30,152,19.83,"Alive","two dead trees nearby",2022-05-07,423,147,"N",1454,"Alive"
"1571",179,"Renton","OR",2022,2022-05-05,87,9.5,"Alive",NA,2022-05-07,179,150,"N",-2,"Dead"
"1572",179,"Renton","OR",2023,2023-04-12,87,13,"Alive",NA,2022-05-07,179,150,"N",340,"Dead"
"1573",179,"Renton","OR",2024,2024-06-18,98,13.7,"Alive",NA,2022-05-07,179,150,"N",773,"Dead"
"1574",179,"Renton","OR",2025,2025-06-12,121,16.9,"Alive",NA,2022-05-07,179,150,"N",1132,"Dead"
"1575",179,"Renton","OR",2026,2026-04-30,NA,NA,"Dead",NA,2022-05-07,179,150,"N",1454,"Dead"
"1576",179,"Renton","WA",2022,2022-05-05,98,9.5,"Alive",NA,2022-05-07,424,149,"N",-2,"Alive"
"1577",179,"Renton","WA",2023,2023-04-12,99,10.8,"Alive",NA,2022-05-07,424,149,"N",340,"Alive"
"1578",179,"Renton","WA",2024,2024-06-18,112,13.7,"Alive",NA,2022-05-07,424,149,"N",773,"Alive"
"1579",179,"Renton","WA",2025,2025-06-12,132,17.3,"Alive",NA,2022-05-07,424,149,"N",1132,"Alive"
"1580",179,"Renton","WA",2026,2026-04-30,190,31.62,"Alive","dead tree nearby",2022-05-07,424,149,"N",1454,"Alive"
"1581",180,"Renton","OR",2022,2022-05-05,87,8.2,"Alive",NA,2022-05-07,180,152,"N",-2,"Alive"
"1582",180,"Renton","OR",2023,2023-04-12,94,10.9,"Alive",NA,2022-05-07,180,152,"N",340,"Alive"
"1583",180,"Renton","OR",2024,2024-06-18,105,16.9,"Alive",NA,2022-05-07,180,152,"N",773,"Alive"
"1584",180,"Renton","OR",2025,2025-06-12,122,17.8,"Alive",NA,2022-05-07,180,152,"N",1132,"Alive"
"1585",180,"Renton","OR",2026,2026-04-30,119,19.39,"Alive",NA,2022-05-07,180,152,"N",1454,"Alive"
"1586",180,"Renton","WA",2022,2022-05-05,100,10,"Alive",NA,2022-05-07,425,151,"N",-2,"Alive"
"1587",180,"Renton","WA",2023,2023-04-12,111,10.1,"Alive",NA,2022-05-07,425,151,"N",340,"Alive"
"1588",180,"Renton","WA",2024,2024-06-18,133,17.9,"Alive",NA,2022-05-07,425,151,"N",773,"Alive"
"1589",180,"Renton","WA",2025,2025-06-12,152,25.7,"Alive",NA,2022-05-07,425,151,"N",1132,"Alive"
"1590",180,"Renton","WA",2026,2026-04-30,165,29.49,"Alive",NA,2022-05-07,425,151,"N",1454,"Alive"
"1591",181,"Renton","OR",2022,2022-05-05,91,10.4,"Alive",NA,2022-05-07,181,153,"N",-2,"Dead"
"1592",181,"Renton","OR",2023,2023-04-12,91,10.4,"Alive",NA,2022-05-07,181,153,"N",340,"Dead"
"1593",181,"Renton","OR",2024,2024-06-18,108,13.9,"Alive",NA,2022-05-07,181,153,"N",773,"Dead"
"1594",181,"Renton","OR",2025,2025-06-12,112,16.2,"Alive","Brown/rust color on leaves",2022-05-07,181,153,"N",1132,"Dead"
"1595",181,"Renton","OR",2026,2026-04-30,NA,NA,"Dead",NA,2022-05-07,181,153,"N",1454,"Dead"
"1596",181,"Renton","WA",2022,2022-05-05,98.5,8.4,"Alive",NA,2022-05-07,426,154,"N",-2,"Alive"
"1597",181,"Renton","WA",2023,2023-04-12,109,10.6,"Alive",NA,2022-05-07,426,154,"N",340,"Alive"
"1598",181,"Renton","WA",2024,2024-06-18,150,17.6,"Alive",NA,2022-05-07,426,154,"N",773,"Alive"
"1599",181,"Renton","WA",2025,2025-06-12,175,25.7,"Alive",NA,2022-05-07,426,154,"N",1132,"Alive"
"1600",181,"Renton","WA",2026,2026-04-30,178,28.31,"Alive","tag missing",2022-05-07,426,154,"N",1454,"Alive"
"1601",182,"Renton","OR",2022,2022-05-05,77,8.7,"Alive",NA,2022-05-07,182,155,"N",-2,"Dead"
"1602",182,"Renton","OR",2023,2023-04-12,78,17.2,"Alive",NA,2022-05-07,182,155,"N",340,"Dead"
"1603",182,"Renton","OR",2024,2024-06-18,104,16.7,"Alive",NA,2022-05-07,182,155,"N",773,"Dead"
"1604",182,"Renton","OR",2025,2025-06-12,135,21.7,"Alive",NA,2022-05-07,182,155,"N",1132,"Dead"
"1605",182,"Renton","OR",2026,2026-04-30,NA,NA,"Dead",NA,2022-05-07,182,155,"N",1454,"Dead"
"1606",182,"Renton","WA",2022,2022-05-05,107.5,12.5,"Alive",NA,2022-05-07,427,156,"N",-2,"Alive"
"1607",182,"Renton","WA",2023,2023-04-12,115,16.3,"Alive",NA,2022-05-07,427,156,"N",340,"Alive"
"1608",182,"Renton","WA",2024,2024-06-18,178,25.9,"Alive",NA,2022-05-07,427,156,"N",773,"Alive"
"1609",182,"Renton","WA",2025,2025-06-12,233,37.6,"Alive",NA,2022-05-07,427,156,"N",1132,"Alive"
"1610",182,"Renton","WA",2026,2026-04-30,252,46.24,"Alive","height estimated",2022-05-07,427,156,"N",1454,"Alive"
"1611",183,"Renton","OR",2022,2022-05-05,67,9.4,"Alive",NA,2022-05-07,183,157,"N",-2,"Alive"
"1612",183,"Renton","OR",2023,2023-04-12,78,12,"Alive",NA,2022-05-07,183,157,"N",340,"Alive"
"1613",183,"Renton","OR",2024,2024-06-18,87,14.7,"Alive","Brown bottom half",2022-05-07,183,157,"N",773,"Alive"
"1614",183,"Renton","OR",2025,2025-06-12,91,15.6,"Alive","Yellowing",2022-05-07,183,157,"N",1132,"Alive"
"1615",183,"Renton","OR",2026,2026-04-30,90,15.92,"Alive","Dying, yellowing",2022-05-07,183,157,"N",1454,"Alive"
"1616",183,"Renton","WA",2022,2022-05-05,88.5,10.5,"Alive",NA,2022-05-07,428,158,"N",-2,"Alive"
"1617",183,"Renton","WA",2023,2023-04-12,87,11.9,"Alive",NA,2022-05-07,428,158,"N",340,"Alive"
"1618",183,"Renton","WA",2024,2024-06-18,148,23.2,"Alive",NA,2022-05-07,428,158,"N",773,"Alive"
"1619",183,"Renton","WA",2025,2025-06-12,205,35.6,"Alive",NA,2022-05-07,428,158,"N",1132,"Alive"
"1620",183,"Renton","WA",2026,2026-04-30,230,42.15,"Alive",NA,2022-05-07,428,158,"N",1454,"Alive"
"1621",184,"Renton","OR",2022,2022-05-05,97,9,"Alive",NA,2022-05-07,184,159,"N",-2,"Alive"
"1622",184,"Renton","OR",2023,2023-04-12,103,14.6,"Alive",NA,2022-05-07,184,159,"N",340,"Alive"
"1623",184,"Renton","OR",2024,2024-06-18,111,12.1,"Alive",NA,2022-05-07,184,159,"N",773,"Alive"
"1624",184,"Renton","OR",2025,2025-06-12,123,12.6,"Alive",NA,2022-05-07,184,159,"N",1132,"Alive"
"1625",184,"Renton","OR",2026,2026-04-30,125,15.32,"Alive",NA,2022-05-07,184,159,"N",1454,"Alive"
"1626",184,"Renton","WA",2022,2022-05-05,98.5,11.4,"Alive",NA,2022-05-07,429,160,"N",-2,"Alive"
"1627",184,"Renton","WA",2023,2023-04-12,111,21,"Alive",NA,2022-05-07,429,160,"N",340,"Alive"
"1628",184,"Renton","WA",2024,2024-06-18,160,22.7,"Alive",NA,2022-05-07,429,160,"N",773,"Alive"
"1629",184,"Renton","WA",2025,2025-06-12,228,33.2,"Alive",NA,2022-05-07,429,160,"N",1132,"Alive"
"1630",184,"Renton","WA",2026,2026-04-30,246,42.82,"Alive",NA,2022-05-07,429,160,"N",1454,"Alive"
"1631",185,"Renton","OR",2022,2022-05-05,71,9.5,"Alive",NA,2022-05-07,185,161,"N",-2,"Alive"
"1632",185,"Renton","OR",2023,2023-04-12,79,9.7,"Alive",NA,2022-05-07,185,161,"N",340,"Alive"
"1633",185,"Renton","OR",2024,2024-06-18,99,13.4,"Alive",NA,2022-05-07,185,161,"N",773,"Alive"
"1634",185,"Renton","OR",2025,2025-06-12,129,19.7,"Alive",NA,2022-05-07,185,161,"N",1132,"Alive"
"1635",185,"Renton","OR",2026,2026-04-30,136,22.43,"Alive","brown leaf tips",2022-05-07,185,161,"N",1454,"Alive"
"1636",185,"Renton","WA",2022,2022-05-05,86.5,9.6,"Alive",NA,2022-05-07,430,NA,"N",-2,"Dead"
"1637",185,"Renton","WA",2023,2023-04-12,89,8.8,"Dead",NA,2022-05-07,430,NA,"N",340,"Dead"
"1638",185,"Renton","WA",2024,2024-06-18,NA,NA,"Dead",NA,2022-05-07,430,NA,"N",773,"Dead"
"1639",185,"Renton","WA",2025,2025-06-12,NA,NA,"Dead",NA,2022-05-07,430,NA,"N",1132,"Dead"
"1640",186,"Renton","OR",2022,2022-05-05,89,9.3,"Alive",NA,2022-05-07,186,162,"N",-2,"Alive"
"1641",186,"Renton","OR",2023,2023-04-12,101,11.3,"Alive",NA,2022-05-07,186,162,"N",340,"Alive"
"1642",186,"Renton","OR",2024,2024-06-18,119,13.2,"Alive",NA,2022-05-07,186,162,"N",773,"Alive"
"1643",186,"Renton","OR",2025,2025-06-12,135,16,"Alive",NA,2022-05-07,186,162,"N",1132,"Alive"
"1644",186,"Renton","OR",2026,2026-04-30,135,18.44,"Alive","epicormic sprouting",2022-05-07,186,162,"N",1454,"Alive"
"1645",186,"Renton","WA",2022,2022-05-05,105.5,11,"Alive",NA,2022-05-07,431,164,"N",-2,"Alive"
"1646",186,"Renton","WA",2023,2023-04-12,106,14.6,"Alive",NA,2022-05-07,431,164,"N",340,"Alive"
"1647",186,"Renton","WA",2024,2024-06-18,129,13.5,"Alive",NA,2022-05-07,431,164,"N",773,"Alive"
"1648",186,"Renton","WA",2025,2025-06-12,160,16.2,"Alive",NA,2022-05-07,431,164,"N",1132,"Alive"
"1649",186,"Renton","WA",2026,2026-04-30,166,21.46,"Alive",NA,2022-05-07,431,164,"N",1454,"Alive"
"1650",187,"Renton","OR",2022,2022-05-05,75,9,"Alive","two tops",2022-05-07,187,163,"N",-2,"Alive"
"1651",187,"Renton","OR",2023,2023-04-12,84,11.4,"Alive",NA,2022-05-07,187,163,"N",340,"Alive"
"1652",187,"Renton","OR",2024,2024-06-18,118,16.6,"Alive",NA,2022-05-07,187,163,"N",773,"Alive"
"1653",187,"Renton","OR",2025,2025-06-12,159,21.3,"Alive",NA,2022-05-07,187,163,"N",1132,"Alive"
"1654",187,"Renton","OR",2026,2026-04-30,173,25.78,"Alive",NA,2022-05-07,187,163,"N",1454,"Alive"
"1655",187,"Renton","WA",2022,2022-05-05,108,12.4,"Alive",NA,2022-05-07,432,166,"N",-2,"Alive"
"1656",187,"Renton","WA",2023,2023-04-12,105,14.3,"Alive",NA,2022-05-07,432,166,"N",340,"Alive"
"1657",187,"Renton","WA",2024,2024-06-18,126,17.6,"Alive",NA,2022-05-07,432,166,"N",773,"Alive"
"1658",187,"Renton","WA",2025,2025-06-12,157,22.2,"Alive",NA,2022-05-07,432,166,"N",1132,"Alive"
"1659",187,"Renton","WA",2026,2026-04-30,164,23.79,"Alive","brown leaf tips",2022-05-07,432,166,"N",1454,"Alive"
"1660",188,"Renton","OR",2022,2022-05-05,71,8.7,"Alive",NA,2022-05-07,188,165,"N",-2,"Alive"
"1661",188,"Renton","OR",2023,2023-04-12,70,10.4,"Alive",NA,2022-05-07,188,165,"N",340,"Alive"
"1662",188,"Renton","OR",2024,2024-06-18,86,13.1,"Alive",NA,2022-05-07,188,165,"N",773,"Alive"
"1663",188,"Renton","OR",2025,2025-06-12,97,13,"Alive",NA,2022-05-07,188,165,"N",1132,"Alive"
"1664",188,"Renton","OR",2026,2026-04-30,102,17.61,"Alive","epicormic sprouting, yellowing at bottom",2022-05-07,188,165,"N",1454,"Alive"
"1665",188,"Renton","WA",2022,2022-05-05,89,12.5,"Alive",NA,2022-05-07,433,168,"N",-2,"Alive"
"1666",188,"Renton","WA",2023,2023-04-12,98,12.7,"Alive",NA,2022-05-07,433,168,"N",340,"Alive"
"1667",188,"Renton","WA",2024,2024-06-18,99,16.4,"Alive","Dead top 1/2",2022-05-07,433,168,"N",773,"Alive"
"1668",188,"Renton","WA",2025,2025-06-12,65,15.3,"Alive","Browsed",2022-05-07,433,168,"Y",1132,"Alive"
"1669",188,"Renton","WA",2026,2026-04-30,72,19.61,"Alive","New lead",2022-05-07,433,168,"N",1454,"Alive"
"1670",189,"Renton","OR",2022,2022-05-05,82,9.6,"Alive",NA,2022-05-07,189,167,"N",-2,"Dead"
"1671",189,"Renton","OR",2023,2023-04-12,84,10.3,"Alive",NA,2022-05-07,189,167,"N",340,"Dead"
"1672",189,"Renton","OR",2024,2024-06-18,56,10.6,"Alive","Browsed top 1/2",2022-05-07,189,167,"Y",773,"Dead"
"1673",189,"Renton","OR",2025,2025-06-12,43,10.4,"Alive","Top Severly browsed/no tag",2022-05-07,189,167,"Y",1132,"Dead"
"1674",189,"Renton","OR",2026,2026-04-30,NA,NA,"Dead",NA,2022-05-07,189,167,"N",1454,"Dead"
"1675",189,"Renton","WA",2022,2022-05-05,88,10.8,"Alive",NA,2022-05-07,434,171,"N",-2,"Alive"
"1676",189,"Renton","WA",2023,2023-04-12,93,11.5,"Alive",NA,2022-05-07,434,171,"N",340,"Alive"
"1677",189,"Renton","WA",2024,2024-06-18,113,14.4,"Alive",NA,2022-05-07,434,171,"N",773,"Alive"
"1678",189,"Renton","WA",2025,2025-06-12,132,18.4,"Alive",NA,2022-05-07,434,171,"N",1132,"Alive"
"1679",189,"Renton","WA",2026,2026-04-30,136,19.07,"Alive",NA,2022-05-07,434,171,"N",1454,"Alive"
"1680",190,"Renton","OR",2022,2022-05-05,79,7.8,"Alive",NA,2022-05-07,190,169,"N",-2,"Dead"
"1681",190,"Renton","OR",2023,2023-04-12,76,7.6,"Alive",NA,2022-05-07,190,169,"N",340,"Dead"
"1682",190,"Renton","OR",2024,2024-06-18,43,8.7,"Alive","Browsed top 1/2",2022-05-07,190,169,"Y",773,"Dead"
"1683",190,"Renton","OR",2025,2025-06-12,44,7.9,"Alive","Severly browsed, no tag",2022-05-07,190,169,"Y",1132,"Dead"
"1684",190,"Renton","OR",2026,2026-04-30,NA,NA,"Dead",NA,2022-05-07,190,169,"N",1454,"Dead"
"1685",190,"Renton","WA",2022,2022-05-05,108,13,"Alive",NA,2022-05-07,435,176,"N",-2,"Alive"
"1686",190,"Renton","WA",2023,2023-04-12,117,17.9,"Alive",NA,2022-05-07,435,176,"N",340,"Alive"
"1687",190,"Renton","WA",2024,2024-06-18,150,18.7,"Alive",NA,2022-05-07,435,176,"N",773,"Alive"
"1688",190,"Renton","WA",2025,2025-06-12,178,26.7,"Alive",NA,2022-05-07,435,176,"N",1132,"Alive"
"1689",190,"Renton","WA",2026,2026-04-30,191,32.29,"Alive",NA,2022-05-07,435,176,"N",1454,"Alive"
"1690",191,"Renton","OR",2022,2022-05-05,73,6.7,"Alive",NA,2022-05-07,191,170,"N",-2,"Alive"
"1691",191,"Renton","OR",2023,2023-04-12,93,10.4,"Alive",NA,2022-05-07,191,170,"N",340,"Alive"
"1692",191,"Renton","OR",2024,2024-06-18,43,11.4,"Alive","Browsed top half",2022-05-07,191,170,"Y",773,"Alive"
"1693",191,"Renton","OR",2025,2025-06-12,46,10.9,"Alive","browsed",2022-05-07,191,170,"Y",1132,"Alive"
"1694",191,"Renton","OR",2026,2026-04-30,44,10.13,"Alive","top eaten, new lead",2022-05-07,191,170,"N",1454,"Alive"
"1695",191,"Renton","WA",2022,2022-05-05,100,9.6,"Alive",NA,2022-05-07,436,178,"N",-2,"Alive"
"1696",191,"Renton","WA",2023,2023-04-12,112,11,"Alive",NA,2022-05-07,436,178,"N",340,"Alive"
"1697",191,"Renton","WA",2024,2024-06-18,129,14.4,"Alive",NA,2022-05-07,436,178,"N",773,"Alive"
"1698",191,"Renton","WA",2025,2025-06-12,148,16.4,"Alive","No tag",2022-05-07,436,178,"N",1132,"Alive"
"1699",191,"Renton","WA",2026,2026-04-30,151,20.46,"Alive","missing tag, yellowing",2022-05-07,436,178,"N",1454,"Alive"
"1700",192,"Renton","OR",2022,2022-05-05,90.5,10.5,"Alive",NA,2022-05-07,192,172,"N",-2,"Alive"
"1701",192,"Renton","OR",2023,2023-04-12,92,16.8,"Alive",NA,2022-05-07,192,172,"N",340,"Alive"
"1702",192,"Renton","OR",2024,2024-06-18,113,17.1,"Alive",NA,2022-05-07,192,172,"N",773,"Alive"
"1703",192,"Renton","OR",2025,2025-06-12,139,20.7,"Alive",NA,2022-05-07,192,172,"N",1132,"Alive"
"1704",192,"Renton","OR",2026,2026-04-30,142,24.83,"Alive","epicormic sprouting",2022-05-07,192,172,"N",1454,"Alive"
"1705",192,"Renton","WA",2022,2022-05-05,98.5,11.5,"Alive",NA,2022-05-07,437,180,"N",-2,"Alive"
"1706",192,"Renton","WA",2023,2023-04-12,109,14.7,"Alive",NA,2022-05-07,437,180,"N",340,"Alive"
"1707",192,"Renton","WA",2024,2024-06-18,129,22.8,"Alive",NA,2022-05-07,437,180,"N",773,"Alive"
"1708",192,"Renton","WA",2025,2025-06-12,157,28.6,"Alive",NA,2022-05-07,437,180,"N",1132,"Alive"
"1709",192,"Renton","WA",2026,2026-04-30,157,31.85,"Alive",NA,2022-05-07,437,180,"N",1454,"Alive"
"1710",193,"Renton","OR",2022,2022-05-05,96.5,10,"Alive",NA,2022-05-07,193,173,"N",-2,"Alive"
"1711",193,"Renton","OR",2023,2023-04-12,95,11.1,"Alive",NA,2022-05-07,193,173,"N",340,"Alive"
"1712",193,"Renton","OR",2024,2024-06-18,49,12.7,"Alive","Browsed top 1/2",2022-05-07,193,173,"Y",773,"Alive"
"1713",193,"Renton","OR",2025,2025-06-12,50,14.5,"Alive","Browsed/flagging",2022-05-07,193,173,"Y",1132,"Alive"
"1714",193,"Renton","OR",2026,2026-04-30,59,16.6,"Alive","top eaten, new lead",2022-05-07,193,173,"N",1454,"Alive"
"1715",193,"Renton","WA",2022,2022-05-05,67,10,"Alive",NA,2022-05-07,438,181,"N",-2,"Alive"
"1716",193,"Renton","WA",2023,2023-04-12,68,10.1,"Alive",NA,2022-05-07,438,181,"N",340,"Alive"
"1717",193,"Renton","WA",2024,2024-06-18,129,22.8,"Alive",NA,2022-05-07,438,181,"N",773,"Alive"
"1718",193,"Renton","WA",2025,2025-06-12,174,29.5,"Alive",NA,2022-05-07,438,181,"N",1132,"Alive"
"1719",193,"Renton","WA",2026,2026-04-30,184,34.13,"Alive",NA,2022-05-07,438,181,"N",1454,"Alive"
"1720",194,"Renton","OR",2022,2022-05-05,91,8.5,"Alive",NA,2022-05-07,194,174,"N",-2,"Dead"
"1721",194,"Renton","OR",2023,2023-04-12,92,11.6,"Alive",NA,2022-05-07,194,174,"N",340,"Dead"
"1722",194,"Renton","OR",2024,2024-06-18,44,14.5,"Alive","Browsed top 1/2",2022-05-07,194,174,"Y",773,"Dead"
"1723",194,"Renton","OR",2025,2025-06-12,45,11.4,"Dead","Browsed",2022-05-07,194,174,"Y",1132,"Dead"
"1724",194,"Renton","OR",2026,2026-04-30,NA,NA,"Dead",NA,2022-05-07,194,174,"N",1454,"Dead"
"1725",194,"Renton","WA",2022,2022-05-05,82,8.3,"Alive",NA,2022-05-07,439,183,"N",-2,"Alive"
"1726",194,"Renton","WA",2023,2023-04-12,87,9,"Alive",NA,2022-05-07,439,183,"N",340,"Alive"
"1727",194,"Renton","WA",2024,2024-06-18,48,10,"Alive","Browsed top 1/2",2022-05-07,439,183,"Y",773,"Alive"
"1728",194,"Renton","WA",2025,2025-06-12,50,11.3,"Alive","Browsed",2022-05-07,439,183,"Y",1132,"Alive"
"1729",194,"Renton","WA",2026,2026-04-30,52,11.91,"Alive","top eaten, new lead",2022-05-07,439,183,"N",1454,"Alive"
"1730",195,"Renton","OR",2022,2022-05-05,71,9,"Alive",NA,2022-05-07,195,175,"N",-2,"Dead"
"1731",195,"Renton","OR",2023,2023-04-12,80,12.9,"Alive",NA,2022-05-07,195,175,"N",340,"Dead"
"1732",195,"Renton","OR",2024,2024-06-18,43,13.5,"Alive","Browsed top 1/2",2022-05-07,195,175,"Y",773,"Dead"
"1733",195,"Renton","OR",2025,2025-06-12,45,15.3,"Alive","Browsed",2022-05-07,195,175,"Y",1132,"Dead"
"1734",195,"Renton","OR",2026,2026-04-30,NA,NA,"Dead",NA,2022-05-07,195,175,"N",1454,"Dead"
"1735",195,"Renton","WA",2022,2022-05-05,103,10.4,"Alive",NA,2022-05-07,440,185,"N",-2,"Alive"
"1736",195,"Renton","WA",2023,2023-04-12,105,14,"Alive",NA,2022-05-07,440,185,"N",340,"Alive"
"1737",195,"Renton","WA",2024,2024-06-18,120,15.2,"Alive",NA,2022-05-07,440,185,"N",773,"Alive"
"1738",195,"Renton","WA",2025,2025-06-12,149,18.8,"Alive","Same side as 183",2022-05-07,440,185,"N",1132,"Alive"
"1739",195,"Renton","WA",2026,2026-04-30,158,27.36,"Alive","tag missing",2022-05-07,440,185,"N",1454,"Alive"
"1740",196,"Renton","OR",2022,2022-05-05,81,110,"Alive",NA,2022-05-07,196,177,"N",-2,"Alive"
"1741",196,"Renton","OR",2023,2023-04-12,89,12,"Alive",NA,2022-05-07,196,177,"N",340,"Alive"
"1742",196,"Renton","OR",2024,2024-06-18,46,14.8,"Alive","Browsed top 1/2",2022-05-07,196,177,"Y",773,"Alive"
"1743",196,"Renton","OR",2025,2025-06-12,51,60.9,"Alive","Browsed",2022-05-07,196,177,"Y",1132,"Alive"
"1744",196,"Renton","OR",2026,2026-04-30,50,21.92,"Alive","top eaten",2022-05-07,196,177,"N",1454,"Alive"
"1745",196,"Renton","WA",2022,2022-05-05,104.5,11.4,"Alive",NA,2022-05-07,441,187,"N",-2,"Alive"
"1746",196,"Renton","WA",2023,2023-04-12,111,12.4,"Alive",NA,2022-05-07,441,187,"N",340,"Alive"
"1747",196,"Renton","WA",2024,2024-06-18,136,21.8,"Alive",NA,2022-05-07,441,187,"N",773,"Alive"
"1748",196,"Renton","WA",2025,2025-06-12,177,28.7,"Alive",NA,2022-05-07,441,187,"N",1132,"Alive"
"1749",196,"Renton","WA",2026,2026-04-30,194,35.36,"Alive",NA,2022-05-07,441,187,"N",1454,"Alive"
"1750",197,"Renton","OR",2022,2022-05-05,81,12,"Alive","two tops",2022-05-07,197,179,"N",-2,"Alive"
"1751",197,"Renton","OR",2023,2023-04-12,88,15,"Alive",NA,2022-05-07,197,179,"N",340,"Alive"
"1752",197,"Renton","OR",2024,2024-06-18,50,14.4,"Alive","Browsed top 1/2",2022-05-07,197,179,"Y",773,"Alive"
"1753",197,"Renton","OR",2025,2025-06-12,61,16.6,"Alive","Browsed",2022-05-07,197,179,"Y",1132,"Alive"
"1754",197,"Renton","OR",2026,2026-04-30,61,22.29,"Alive","top eaten, new lead",2022-05-07,197,179,"N",1454,"Alive"
"1755",197,"Renton","WA",2022,2022-05-05,88,11.2,"Alive",NA,2022-05-07,442,189,"N",-2,"Alive"
"1756",197,"Renton","WA",2023,2023-04-12,90,11.4,"Alive",NA,2022-05-07,442,189,"N",340,"Alive"
"1757",197,"Renton","WA",2024,2024-06-18,125,15.8,"Alive",NA,2022-05-07,442,189,"N",773,"Alive"
"1758",197,"Renton","WA",2025,2025-06-12,166,25.5,"Alive",NA,2022-05-07,442,189,"N",1132,"Alive"
"1759",197,"Renton","WA",2026,2026-04-30,187,32.2,"Alive","tag missing",2022-05-07,442,189,"N",1454,"Alive"
"1760",198,"Renton","OR",2022,2022-05-05,95,11,"Alive",NA,2022-05-07,198,182,"N",-2,"Alive"
"1761",198,"Renton","OR",2023,2023-04-12,91,13.3,"Alive",NA,2022-05-07,198,182,"N",340,"Alive"
"1762",198,"Renton","OR",2024,2024-06-18,42,12.9,"Alive","Browsed top half",2022-05-07,198,182,"Y",773,"Alive"
"1763",198,"Renton","OR",2025,2025-06-12,61,15.3,"Alive",NA,2022-05-07,198,182,"N",1132,"Alive"
"1764",198,"Renton","OR",2026,2026-04-30,65,15.09,"Alive","top eaten, new lead",2022-05-07,198,182,"N",1454,"Alive"
"1765",198,"Renton","WA",2022,2022-05-05,90.5,9.7,"Alive",NA,2022-05-07,443,NA,"N",-2,"Dead"
"1766",198,"Renton","WA",2023,2023-04-12,96,9.8,"Dead",NA,2022-05-07,443,NA,"N",340,"Dead"
"1767",198,"Renton","WA",2024,2024-06-18,NA,NA,"Dead",NA,2022-05-07,443,NA,"N",773,"Dead"
"1768",198,"Renton","WA",2025,2025-06-12,NA,NA,"Dead",NA,2022-05-07,443,NA,"N",1132,"Dead"
"1769",199,"Renton","OR",2022,2022-05-05,69,6.8,"Alive","two tops",2022-05-07,199,184,"N",-2,"Dead"
"1770",199,"Renton","OR",2023,2023-04-12,80,11.6,"Alive",NA,2022-05-07,199,184,"N",340,"Dead"
"1771",199,"Renton","OR",2024,2024-06-18,84,10.9,"Alive","Yellow/browning bottom half",2022-05-07,199,184,"N",773,"Dead"
"1772",199,"Renton","OR",2025,2025-06-12,NA,NA,"Dead","Missing/presumed dead",2022-05-07,199,184,"N",1132,"Dead"
"1773",199,"Renton","OR",2026,2026-04-30,NA,NA,"Dead","missing, cage found",2022-05-07,199,184,"N",1454,"Dead"
"1774",199,"Renton","WA",2022,2022-05-05,103,11.2,"Alive",NA,2022-05-07,444,NA,"N",-2,"Dead"
"1775",199,"Renton","WA",2023,2023-04-12,103,10.5,"Dead",NA,2022-05-07,444,NA,"N",340,"Dead"
"1776",199,"Renton","WA",2024,2024-06-18,NA,NA,"Dead",NA,2022-05-07,444,NA,"N",773,"Dead"
"1777",199,"Renton","WA",2025,2025-06-12,NA,NA,"Dead",NA,2022-05-07,444,NA,"N",1132,"Dead"
"1778",200,"Renton","OR",2022,2022-05-05,94,8.5,"Alive",NA,2022-05-07,200,186,"N",-2,"Alive"
"1779",200,"Renton","OR",2023,2023-04-12,101,14,"Alive",NA,2022-05-07,200,186,"N",340,"Alive"
"1780",200,"Renton","OR",2024,2024-06-18,51,13.1,"Alive","Browsed bottom 1/2",2022-05-07,200,186,"Y",773,"Alive"
"1781",200,"Renton","OR",2025,2025-06-12,78,15.1,"Alive","Browsed",2022-05-07,200,186,"Y",1132,"Alive"
"1782",200,"Renton","OR",2026,2026-04-30,83,14.4,"Alive",NA,2022-05-07,200,186,"N",1454,"Alive"
"1783",200,"Renton","WA",2022,2022-05-05,98,10.6,"Alive",NA,2022-05-07,445,192,"N",-2,"Alive"
"1784",200,"Renton","WA",2023,2023-04-12,110,12.8,"Alive",NA,2022-05-07,445,192,"N",340,"Alive"
"1785",200,"Renton","WA",2024,2024-06-18,126,15.6,"Alive",NA,2022-05-07,445,192,"N",773,"Alive"
"1786",200,"Renton","WA",2025,2025-06-12,151,20.9,"Alive",NA,2022-05-07,445,192,"N",1132,"Alive"
"1787",200,"Renton","WA",2026,2026-04-30,160,24.56,"Alive",NA,2022-05-07,445,192,"N",1454,"Alive"
"1788",201,"Renton","OR",2022,2022-05-05,80,9.7,"Alive","two tops",2022-05-07,201,188,"N",-2,"Dead"
"1789",201,"Renton","OR",2023,2023-04-12,88,11.2,"Alive",NA,2022-05-07,201,188,"N",340,"Dead"
"1790",201,"Renton","OR",2024,2024-06-18,54,12.9,"Alive","Browsed top 1/2",2022-05-07,201,188,"Y",773,"Dead"
"1791",201,"Renton","OR",2025,2025-06-12,NA,NA,"Dead","Missing/presumed dead/in vicinity of fallen tree from December",2022-05-07,201,188,"N",1132,"Dead"
"1792",201,"Renton","OR",2026,2026-04-30,NA,NA,"Dead","missing, presumed crushed by tree last year",2022-05-07,201,188,"N",1454,"Dead"
"1793",201,"Renton","WA",2022,2022-05-05,103,11,"Alive",NA,2022-05-07,446,195,"N",-2,"Alive"
"1794",201,"Renton","WA",2023,2023-04-12,109,12.8,"Alive",NA,2022-05-07,446,195,"N",340,"Alive"
"1795",201,"Renton","WA",2024,2024-06-18,156,17.6,"Alive",NA,2022-05-07,446,195,"N",773,"Alive"
"1796",201,"Renton","WA",2025,2025-06-12,204,27.5,"Alive",NA,2022-05-07,446,195,"N",1132,"Alive"
"1797",201,"Renton","WA",2026,2026-04-30,220,30.03,"Alive",NA,2022-05-07,446,195,"N",1454,"Alive"
"1798",202,"Renton","OR",2022,2022-05-05,83,8.7,"Alive",NA,2022-05-07,202,190,"N",-2,"Alive"
"1799",202,"Renton","OR",2023,2023-04-12,95,12.8,"Alive",NA,2022-05-07,202,190,"N",340,"Alive"
"1800",202,"Renton","OR",2024,2024-06-18,119,16.5,"Alive",NA,2022-05-07,202,190,"N",773,"Alive"
"1801",202,"Renton","OR",2025,2025-06-12,135,23.9,"Alive",NA,2022-05-07,202,190,"N",1132,"Alive"
"1802",202,"Renton","OR",2026,2026-04-30,140,21.81,"Alive",NA,2022-05-07,202,190,"N",1454,"Alive"
"1803",202,"Renton","WA",2022,2022-05-05,104,13.5,"Alive",NA,2022-05-07,447,197,"N",-2,"Alive"
"1804",202,"Renton","WA",2023,2023-04-12,110,18.6,"Alive",NA,2022-05-07,447,197,"N",340,"Alive"
"1805",202,"Renton","WA",2024,2024-06-18,151,23.3,"Alive",NA,2022-05-07,447,197,"N",773,"Alive"
"1806",202,"Renton","WA",2025,2025-06-12,197,28.6,"Alive",NA,2022-05-07,447,197,"N",1132,"Alive"
"1807",202,"Renton","WA",2026,2026-04-30,203,31.09,"Alive",NA,2022-05-07,447,197,"N",1454,"Alive"
"1808",203,"Renton","OR",2022,2022-05-05,66,7,"Alive",NA,2022-05-07,203,191,"N",-2,"Dead"
"1809",203,"Renton","OR",2023,2023-04-12,71,7.2,"Alive",NA,2022-05-07,203,191,"N",340,"Dead"
"1810",203,"Renton","OR",2024,2024-06-18,47,10.1,"Alive","Browsed top 1/2",2022-05-07,203,191,"Y",773,"Dead"
"1811",203,"Renton","OR",2025,2025-06-12,NA,NA,"Dead","Missing/presumed dead",2022-05-07,203,191,"N",1132,"Dead"
"1812",203,"Renton","OR",2026,2026-04-30,NA,NA,"Dead","missing, presumed crushed by tree last year",2022-05-07,203,191,"N",1454,"Dead"
"1813",203,"Renton","WA",2022,2022-05-05,82,10.4,"Alive",NA,2022-05-07,448,199,"N",-2,"Alive"
"1814",203,"Renton","WA",2023,2023-04-12,85,11.5,"Alive",NA,2022-05-07,448,199,"N",340,"Alive"
"1815",203,"Renton","WA",2024,2024-06-18,109,12.3,"Alive","Browsed top 1/2",2022-05-07,448,199,"Y",773,"Alive"
"1816",203,"Renton","WA",2025,2025-06-12,136,14.8,"Alive","Browsed",2022-05-07,448,199,"Y",1132,"Alive"
"1817",203,"Renton","WA",2026,2026-04-30,145,17.27,"Alive","browning base, mechanical damage at midway stem",2022-05-07,448,199,"N",1454,"Alive"
"1818",204,"Renton","OR",2022,2022-05-05,61,7.5,"Alive",NA,2022-05-07,204,193,"N",-2,"Alive"
"1819",204,"Renton","OR",2023,2023-04-12,66,8,"Alive",NA,2022-05-07,204,193,"N",340,"Alive"
"1820",204,"Renton","OR",2024,2024-06-18,54,10.9,"Alive","Browsed top 1/2",2022-05-07,204,193,"Y",773,"Alive"
"1821",204,"Renton","OR",2025,2025-06-12,87,16.4,"Alive","Browsed",2022-05-07,204,193,"Y",1132,"Alive"
"1822",204,"Renton","OR",2026,2026-04-30,92,15.4,"Alive",NA,2022-05-07,204,193,"N",1454,"Alive"
"1823",204,"Renton","WA",2022,2022-05-05,87,12,"Alive",NA,2022-05-07,449,201,"N",-2,"Alive"
"1824",204,"Renton","WA",2023,2023-04-12,91,13.8,"Alive",NA,2022-05-07,449,201,"N",340,"Alive"
"1825",204,"Renton","WA",2024,2024-06-18,117,15.4,"Alive",NA,2022-05-07,449,201,"N",773,"Alive"
"1826",204,"Renton","WA",2025,2025-06-12,146,21,"Alive",NA,2022-05-07,449,201,"N",1132,"Alive"
"1827",204,"Renton","WA",2026,2026-04-30,158,22.75,"Alive","missing tag, brown tips",2022-05-07,449,201,"N",1454,"Alive"
"1828",205,"Renton","OR",2022,2022-05-05,83,8.5,"Alive","dead tree",2022-05-07,205,NA,"N",-2,"Alive"
"1829",205,"Renton","WA",2022,2022-05-05,107.5,11.9,"Alive",NA,2022-05-07,450,203,"N",-2,"Alive"
"1830",205,"Renton","WA",2023,2023-04-12,109,19.8,"Alive",NA,2022-05-07,450,203,"N",340,"Alive"
"1831",205,"Renton","WA",2024,2024-06-18,121,18.6,"Alive",NA,2022-05-07,450,203,"N",773,"Alive"
"1832",205,"Renton","WA",2025,2025-06-12,161,18.9,"Alive",NA,2022-05-07,450,203,"N",1132,"Alive"
"1833",205,"Renton","WA",2026,2026-04-30,173,22.35,"Alive","missing tag",2022-05-07,450,203,"N",1454,"Alive"
"1834",206,"Renton","OR",2022,2022-05-05,76,8.4,"Alive",NA,2022-05-07,206,194,"N",-2,"Alive"
"1835",206,"Renton","OR",2023,2023-04-12,80,6.8,"Alive",NA,2022-05-07,206,194,"N",340,"Alive"
"1836",206,"Renton","OR",2024,2024-06-18,50,8.3,"Alive","Browsed top 1/2",2022-05-07,206,194,"Y",773,"Alive"
"1837",206,"Renton","OR",2025,2025-06-12,49,10.7,"Alive","Browsed",2022-05-07,206,194,"Y",1132,"Alive"
"1838",206,"Renton","OR",2026,2026-04-30,61,11.19,"Alive","top eaten, new lead",2022-05-07,206,194,"N",1454,"Alive"
"1839",206,"Renton","WA",2022,2022-05-05,106.5,11.2,"Alive",NA,2022-05-07,451,206,"N",-2,"Alive"
"1840",206,"Renton","WA",2023,2023-04-12,114,13.8,"Alive",NA,2022-05-07,451,206,"N",340,"Alive"
"1841",206,"Renton","WA",2024,2024-06-18,121,13.8,"Alive",NA,2022-05-07,451,206,"N",773,"Alive"
"1842",206,"Renton","WA",2025,2025-06-12,138,15.8,"Alive",NA,2022-05-07,451,206,"N",1132,"Alive"
"1843",206,"Renton","WA",2026,2026-04-30,148,21.22,"Alive","missing tag",2022-05-07,451,206,"N",1454,"Alive"
"1844",207,"Renton","OR",2022,2022-05-05,88,8.8,"Alive",NA,2022-05-07,207,196,"N",-2,"Alive"
"1845",207,"Renton","OR",2023,2023-04-12,90,8.8,"Alive",NA,2022-05-07,207,196,"N",340,"Alive"
"1846",207,"Renton","OR",2024,2024-06-18,54,10.6,"Alive","Browsed top 1/2",2022-05-07,207,196,"Y",773,"Alive"
"1847",207,"Renton","OR",2025,2025-06-12,51,11.5,"Alive","Browsed",2022-05-07,207,196,"Y",1132,"Alive"
"1848",207,"Renton","OR",2026,2026-04-30,66,11.19,"Alive","top eaten, new lead, yellowing base",2022-05-07,207,196,"N",1454,"Alive"
"1849",207,"Renton","WA",2022,2022-05-05,85.5,10.3,"Alive",NA,2022-05-07,452,209,"N",-2,"Alive"
"1850",207,"Renton","WA",2023,2023-04-12,102,13,"Alive",NA,2022-05-07,452,209,"N",340,"Alive"
"1851",207,"Renton","WA",2024,2024-06-18,135,16.2,"Alive",NA,2022-05-07,452,209,"N",773,"Alive"
"1852",207,"Renton","WA",2025,2025-06-12,162,18.9,"Alive","No tag",2022-05-07,452,209,"N",1132,"Alive"
"1853",207,"Renton","WA",2026,2026-04-30,164,21.35,"Alive","missing tag",2022-05-07,452,209,"N",1454,"Alive"
"1854",208,"Renton","OR",2022,2022-05-05,102,11,"Alive",NA,2022-05-07,208,198,"N",-2,"Alive"
"1855",208,"Renton","OR",2023,2023-04-12,110,14.5,"Alive",NA,2022-05-07,208,198,"N",340,"Alive"
"1856",208,"Renton","OR",2024,2024-06-18,142,15,"Alive",NA,2022-05-07,208,198,"N",773,"Alive"
"1857",208,"Renton","OR",2025,2025-06-12,182,18.9,"Alive",NA,2022-05-07,208,198,"N",1132,"Alive"
"1858",208,"Renton","OR",2026,2026-04-30,195,23.86,"Alive",NA,2022-05-07,208,198,"N",1454,"Alive"
"1859",208,"Renton","WA",2022,2022-05-05,103,13.5,"Alive",NA,2022-05-07,453,210,"N",-2,"Alive"
"1860",208,"Renton","WA",2023,2023-04-12,111,14.4,"Alive",NA,2022-05-07,453,210,"N",340,"Alive"
"1861",208,"Renton","WA",2024,2024-06-18,164,20.3,"Alive",NA,2022-05-07,453,210,"N",773,"Alive"
"1862",208,"Renton","WA",2025,2025-06-12,223,32.4,"Alive",NA,2022-05-07,453,210,"N",1132,"Alive"
"1863",208,"Renton","WA",2026,2026-04-30,240,36.9,"Alive",NA,2022-05-07,453,210,"N",1454,"Alive"
"1864",209,"Renton","OR",2022,2022-05-05,70.5,10.4,"Alive","two tops",2022-05-07,209,200,"N",-2,"Alive"
"1865",209,"Renton","OR",2023,2023-04-12,81,10.4,"Alive",NA,2022-05-07,209,200,"N",340,"Alive"
"1866",209,"Renton","OR",2024,2024-06-18,56,12.4,"Alive",NA,2022-05-07,209,200,"N",773,"Alive"
"1867",209,"Renton","OR",2025,2025-06-12,55,13.9,"Alive",NA,2022-05-07,209,200,"N",1132,"Alive"
"1868",209,"Renton","OR",2026,2026-04-30,59,15.17,"Alive","browsed, new lead",2022-05-07,209,200,"Y",1454,"Alive"
"1869",209,"Renton","WA",2022,2022-05-05,81,12.5,"Alive",NA,2022-05-07,454,211,"N",-2,"Alive"
"1870",209,"Renton","WA",2023,2023-04-12,76,8.8,"Alive",NA,2022-05-07,454,211,"N",340,"Alive"
"1871",209,"Renton","WA",2024,2024-06-18,53,12.8,"Alive","Browsed top 1/2",2022-05-07,454,211,"Y",773,"Alive"
"1872",209,"Renton","WA",2025,2025-06-12,58,14.1,"Alive","Browsed",2022-05-07,454,211,"Y",1132,"Alive"
"1873",209,"Renton","WA",2026,2026-04-30,74,15.89,"Alive","browsed, new lead",2022-05-07,454,211,"Y",1454,"Alive"
"1874",210,"Renton","OR",2022,2022-05-05,91,11,"Alive",NA,2022-05-07,210,202,"N",-2,"Alive"
"1875",210,"Renton","OR",2023,2023-04-12,97,12.3,"Alive",NA,2022-05-07,210,202,"N",340,"Alive"
"1876",210,"Renton","OR",2024,2024-06-18,119,15.6,"Alive",NA,2022-05-07,210,202,"N",773,"Alive"
"1877",210,"Renton","OR",2025,2025-06-12,141,18.3,"Alive",NA,2022-05-07,210,202,"N",1132,"Alive"
"1878",210,"Renton","OR",2026,2026-04-30,149,21.28,"Alive",NA,2022-05-07,210,202,"N",1454,"Alive"
"1879",210,"Renton","WA",2022,2022-05-05,103,10.7,"Alive",NA,2022-05-07,455,213,"N",-2,"Alive"
"1880",210,"Renton","WA",2023,2023-04-12,106,12.9,"Alive",NA,2022-05-07,455,213,"N",340,"Alive"
"1881",210,"Renton","WA",2024,2024-06-18,141,16.2,"Alive",NA,2022-05-07,455,213,"N",773,"Alive"
"1882",210,"Renton","WA",2025,2025-06-12,165,22.4,"Alive",NA,2022-05-07,455,213,"N",1132,"Alive"
"1883",210,"Renton","WA",2026,2026-04-30,173,22.76,"Alive","browning at bottom",2022-05-07,455,213,"N",1454,"Alive"
"1884",211,"Renton","OR",2022,2022-05-05,71,9.5,"Alive",NA,2022-05-07,211,204,"N",-2,"Alive"
"1885",211,"Renton","OR",2023,2023-04-12,76,10.2,"Alive",NA,2022-05-07,211,204,"N",340,"Alive"
"1886",211,"Renton","OR",2024,2024-06-18,73,13,"Alive","Browsed top 1/2",2022-05-07,211,204,"Y",773,"Alive"
"1887",211,"Renton","OR",2025,2025-06-12,61,13.6,"Alive","Browsed",2022-05-07,211,204,"Y",1132,"Alive"
"1888",211,"Renton","OR",2026,2026-04-30,69,14.24,"Alive","browsed, unhealthy",2022-05-07,211,204,"Y",1454,"Alive"
"1889",211,"Renton","WA",2022,2022-05-05,109,12.7,"Alive",NA,2022-05-07,456,215,"N",-2,"Alive"
"1890",211,"Renton","WA",2023,2023-04-12,114,14.1,"Alive",NA,2022-05-07,456,215,"N",340,"Alive"
"1891",211,"Renton","WA",2024,2024-06-18,149,20.3,"Alive",NA,2022-05-07,456,215,"N",773,"Alive"
"1892",211,"Renton","WA",2025,2025-06-12,192,27.5,"Alive",NA,2022-05-07,456,215,"N",1132,"Alive"
"1893",211,"Renton","WA",2026,2026-04-30,200,33.93,"Alive","brown at bottom",2022-05-07,456,215,"N",1454,"Alive"
"1894",212,"Renton","OR",2022,2022-05-05,86,10,"Alive",NA,2022-05-07,212,205,"N",-2,"Alive"
"1895",212,"Renton","OR",2023,2023-04-12,87,9.9,"Alive",NA,2022-05-07,212,205,"N",340,"Alive"
"1896",212,"Renton","OR",2024,2024-06-18,50,8,"Alive","Browsed top 1/2",2022-05-07,212,205,"Y",773,"Alive"
"1897",212,"Renton","OR",2025,2025-06-12,74,14.2,"Alive","Browsed",2022-05-07,212,205,"Y",1132,"Alive"
"1898",212,"Renton","OR",2026,2026-04-30,82,18.32,"Alive","epicormic sprouting",2022-05-07,212,205,"N",1454,"Alive"
"1899",212,"Renton","WA",2022,2022-05-05,99,11,"Alive",NA,2022-05-07,457,216,"N",-2,"Alive"
"1900",212,"Renton","WA",2023,2023-04-12,105,16.1,"Alive",NA,2022-05-07,457,216,"N",340,"Alive"
"1901",212,"Renton","WA",2024,2024-06-18,134,17.2,"Alive",NA,2022-05-07,457,216,"N",773,"Alive"
"1902",212,"Renton","WA",2025,2025-06-12,185,25.2,"Alive",NA,2022-05-07,457,216,"N",1132,"Alive"
"1903",212,"Renton","WA",2026,2026-04-30,200,31.33,"Alive","brown tips",2022-05-07,457,216,"N",1454,"Alive"
"1904",213,"Renton","OR",2022,2022-05-05,73,8.5,"Alive",NA,2022-05-07,213,207,"N",-2,"Alive"
"1905",213,"Renton","OR",2023,2023-04-12,96,9.6,"Alive",NA,2022-05-07,213,207,"N",340,"Alive"
"1906",213,"Renton","OR",2024,2024-06-18,46,10.3,"Alive","Browsed top 1/2",2022-05-07,213,207,"Y",773,"Alive"
"1907",213,"Renton","OR",2025,2025-06-12,52,11,"Alive","Severly Browsed",2022-05-07,213,207,"Y",1132,"Alive"
"1908",213,"Renton","OR",2026,2026-04-30,44,13.29,"Alive","unhealthy, browsed to heck, mechanical damage",2022-05-07,213,207,"Y",1454,"Alive"
"1909",213,"Renton","WA",2022,2022-05-05,97,9.2,"Alive",NA,2022-05-07,458,219,"N",-2,"Alive"
"1910",213,"Renton","WA",2023,2023-04-12,101,12,"Alive",NA,2022-05-07,458,219,"N",340,"Alive"
"1911",213,"Renton","WA",2024,2024-06-18,107,16.1,"Alive","Browsed top 1/2",2022-05-07,458,219,"Y",773,"Alive"
"1912",213,"Renton","WA",2025,2025-06-12,56,16.5,"Alive","Browsed",2022-05-07,458,219,"Y",1132,"Alive"
"1913",213,"Renton","WA",2026,2026-04-30,73,19.35,"Alive","top eaten, new lead, epicormic sprouting",2022-05-07,458,219,"N",1454,"Alive"
"1914",214,"Renton","OR",2022,2022-05-05,73,8.5,"Alive",NA,2022-05-07,214,208,"N",-2,"Alive"
"1915",214,"Renton","OR",2023,2023-04-12,77,16.5,"Alive",NA,2022-05-07,214,208,"N",340,"Alive"
"1916",214,"Renton","OR",2024,2024-06-18,56,10.3,"Alive","Browsed top 1/2",2022-05-07,214,208,"Y",773,"Alive"
"1917",214,"Renton","OR",2025,2025-06-12,78,11.3,"Alive","Browsed",2022-05-07,214,208,"Y",1132,"Alive"
"1918",214,"Renton","OR",2026,2026-04-30,86,11.6,"Alive",NA,2022-05-07,214,208,"N",1454,"Alive"
"1919",214,"Renton","WA",2022,2022-05-05,90.5,8.5,"Alive",NA,2022-05-07,459,223,"N",-2,"Alive"
"1920",214,"Renton","WA",2023,2023-04-12,97,11.8,"Alive",NA,2022-05-07,459,223,"N",340,"Alive"
"1921",214,"Renton","WA",2024,2024-06-18,119,12.8,"Alive",NA,2022-05-07,459,223,"N",773,"Alive"
"1922",214,"Renton","WA",2025,2025-06-12,137,17.1,"Alive",NA,2022-05-07,459,223,"N",1132,"Alive"
"1923",214,"Renton","WA",2026,2026-04-30,140,20.72,"Alive","yellowing",2022-05-07,459,223,"N",1454,"Alive"
"1924",215,"Renton","OR",2022,2022-05-05,84,10,"Alive",NA,2022-05-07,215,212,"N",-2,"Alive"
"1925",215,"Renton","OR",2023,2023-04-12,87,10.1,"Alive",NA,2022-05-07,215,212,"N",340,"Alive"
"1926",215,"Renton","OR",2024,2024-06-18,58,12.7,"Alive","Browsed top 1/2",2022-05-07,215,212,"Y",773,"Alive"
"1927",215,"Renton","OR",2025,2025-06-12,91,13.2,"Alive","Browsed/two leads",2022-05-07,215,212,"Y",1132,"Alive"
"1928",215,"Renton","OR",2026,2026-04-30,105,16.76,"Alive",NA,2022-05-07,215,212,"N",1454,"Alive"
"1929",215,"Renton","WA",2022,2022-05-05,99,10.2,"Alive",NA,2022-05-07,460,221,"N",-2,"Alive"
"1930",215,"Renton","WA",2023,2023-04-12,107,13.9,"Alive",NA,2022-05-07,460,221,"N",340,"Alive"
"1931",215,"Renton","WA",2024,2024-06-18,134,16.9,"Alive",NA,2022-05-07,460,221,"N",773,"Alive"
"1932",215,"Renton","WA",2025,2025-06-12,155,23.2,"Alive",NA,2022-05-07,460,221,"N",1132,"Alive"
"1933",215,"Renton","WA",2026,2026-04-30,161,28.01,"Alive","epicormic sprouting",2022-05-07,460,221,"N",1454,"Alive"
"1934",216,"Renton","OR",2022,2022-05-05,77,8.5,"Alive",NA,2022-05-07,216,214,"N",-2,"Alive"
"1935",216,"Renton","OR",2023,2023-04-12,82,10.8,"Alive",NA,2022-05-07,216,214,"N",340,"Alive"
"1936",216,"Renton","OR",2024,2024-06-18,59,13.7,"Alive","Browsed top 1/2",2022-05-07,216,214,"Y",773,"Alive"
"1937",216,"Renton","OR",2025,2025-06-12,73,15.1,"Alive","Browsed",2022-05-07,216,214,"Y",1132,"Alive"
"1938",216,"Renton","OR",2026,2026-04-30,53,16.29,"Alive","severely browsed",2022-05-07,216,214,"Y",1454,"Alive"
"1939",216,"Renton","WA",2022,2022-05-05,75,10.6,"Alive","two tops",2022-05-07,461,225,"N",-2,"Alive"
"1940",216,"Renton","WA",2023,2023-04-12,80,12.6,"Alive",NA,2022-05-07,461,225,"N",340,"Alive"
"1941",216,"Renton","WA",2024,2024-06-18,71,16.3,"Alive","Browsed top 1/2",2022-05-07,461,225,"Y",773,"Alive"
"1942",216,"Renton","WA",2025,2025-06-12,93,15.6,"Alive",NA,2022-05-07,461,225,"N",1132,"Alive"
"1943",216,"Renton","WA",2026,2026-04-30,92,20.64,"Alive","browning, epicormic sprouts",2022-05-07,461,225,"N",1454,"Alive"
"1944",217,"Renton","OR",2022,2022-05-05,99,12.4,"Alive",NA,2022-05-07,217,217,"N",-2,"Alive"
"1945",217,"Renton","OR",2023,2023-04-12,106,15.6,"Alive",NA,2022-05-07,217,217,"N",340,"Alive"
"1946",217,"Renton","OR",2024,2024-06-18,144,16.9,"Alive",NA,2022-05-07,217,217,"N",773,"Alive"
"1947",217,"Renton","OR",2025,2025-06-12,173,21.4,"Alive",NA,2022-05-07,217,217,"N",1132,"Alive"
"1948",217,"Renton","OR",2026,2026-04-30,181,29.22,"Alive",NA,2022-05-07,217,217,"N",1454,"Alive"
"1949",217,"Renton","WA",2022,2022-05-05,111,13.2,"Alive",NA,2022-05-07,462,227,"N",-2,"Alive"
"1950",217,"Renton","WA",2023,2023-04-12,129,16.2,"Alive",NA,2022-05-07,462,227,"N",340,"Alive"
"1951",217,"Renton","WA",2024,2024-06-18,151,18.5,"Alive",NA,2022-05-07,462,227,"N",773,"Alive"
"1952",217,"Renton","WA",2025,2025-06-12,176,25.1,"Alive",NA,2022-05-07,462,227,"N",1132,"Alive"
"1953",217,"Renton","WA",2026,2026-04-30,182,34.34,"Alive",NA,2022-05-07,462,227,"N",1454,"Alive"
"1954",218,"Renton","OR",2022,2022-05-05,104,10.7,"Alive",NA,2022-05-07,218,218,"N",-2,"Alive"
"1955",218,"Renton","OR",2023,2023-04-12,105,15.8,"Alive",NA,2022-05-07,218,218,"N",340,"Alive"
"1956",218,"Renton","OR",2024,2024-06-18,47,12.9,"Alive","Browsed top 1/2",2022-05-07,218,218,"Y",773,"Alive"
"1957",218,"Renton","OR",2025,2024-06-18,46,13.9,"Alive","Browsed",2022-05-07,218,218,"Y",773,"Alive"
"1958",218,"Renton","OR",2026,2026-04-30,41,12.91,"Alive","severely browsed, epicormic sprouting, no top",2022-05-07,218,218,"Y",1454,"Alive"
"1959",218,"Renton","WA",2022,2022-05-05,100,11.3,"Alive",NA,2022-05-07,463,NA,"N",-2,"Dead"
"1960",218,"Renton","WA",2023,2023-04-12,104,10,"Dead","roots grown around caging",2022-05-07,463,NA,"N",340,"Dead"
"1961",218,"Renton","WA",2024,2024-06-18,NA,NA,"Dead",NA,2022-05-07,463,NA,"N",773,"Dead"
"1962",218,"Renton","WA",2025,2025-06-12,NA,NA,"Dead",NA,2022-05-07,463,NA,"N",1132,"Dead"
"1963",219,"Renton","OR",2022,2022-05-05,62,9.5,"Alive",NA,2022-05-07,219,220,"N",-2,"Alive"
"1964",219,"Renton","OR",2023,2023-04-12,64,8.4,"Alive",NA,2022-05-07,219,220,"N",340,"Alive"
"1965",219,"Renton","OR",2024,2024-06-18,51,11.4,"Alive","Browsed top 1/2",2022-05-07,219,220,"Y",773,"Alive"
"1966",219,"Renton","OR",2025,2025-06-12,54,14.3,"Alive","Browsed",2022-05-07,219,220,"Y",1132,"Alive"
"1967",219,"Renton","OR",2026,2026-04-30,49,14.44,"Alive","top eaten, new lead, browning",2022-05-07,219,220,"N",1454,"Alive"
"1968",219,"Renton","WA",2022,2022-05-05,117,15.6,"Alive",NA,2022-05-07,464,229,"N",-2,"Alive"
"1969",219,"Renton","WA",2023,2023-04-12,121,19.3,"Alive",NA,2022-05-07,464,229,"N",340,"Alive"
"1970",219,"Renton","WA",2024,2024-06-18,148,19.1,"Alive",NA,2022-05-07,464,229,"N",773,"Alive"
"1971",219,"Renton","WA",2025,2025-06-12,180,26.5,"Alive",NA,2022-05-07,464,229,"N",1132,"Alive"
"1972",219,"Renton","WA",2026,2026-04-30,188,29.13,"Alive",NA,2022-05-07,464,229,"N",1454,"Alive"
"1973",220,"Renton","OR",2022,2022-05-05,83,10,"Alive",NA,2022-05-07,220,222,"N",-2,"Alive"
"1974",220,"Renton","OR",2023,2023-04-12,90,9.8,"Alive",NA,2022-05-07,220,222,"N",340,"Alive"
"1975",220,"Renton","OR",2024,2024-06-18,45,13.1,"Alive","Browsed top 1/2",2022-05-07,220,222,"Y",773,"Alive"
"1976",220,"Renton","OR",2025,2025-06-12,41,13.9,"Alive","Browsed/no tag",2022-05-07,220,222,"Y",1132,"Alive"
"1977",220,"Renton","OR",2026,2026-04-30,43,14.01,"Alive","severely browsed, barely alive",2022-05-07,220,222,"Y",1454,"Alive"
"1978",220,"Renton","WA",2022,2022-05-05,103,13.3,"Alive",NA,2022-05-07,465,232,"N",-2,"Alive"
"1979",220,"Renton","WA",2023,2023-04-12,111,13.6,"Alive",NA,2022-05-07,465,232,"N",340,"Alive"
"1980",220,"Renton","WA",2024,2024-06-18,135,22.5,"Alive","No tag, blue flagging",2022-05-07,465,232,"N",773,"Alive"
"1981",220,"Renton","WA",2025,2025-06-12,173,26.2,"Alive",NA,2022-05-07,465,232,"N",1132,"Alive"
"1982",220,"Renton","WA",2026,2026-04-30,181,31.06,"Alive","flagging at bottom",2022-05-07,465,232,"N",1454,"Alive"
"1983",221,"Renton","OR",2022,2022-05-05,88,10,"Alive",NA,2022-05-07,221,224,"N",-2,"Alive"
"1984",221,"Renton","OR",2023,2023-04-12,93,10.2,"Alive",NA,2022-05-07,221,224,"N",340,"Alive"
"1985",221,"Renton","OR",2024,2024-06-18,119,13.2,"Alive",NA,2022-05-07,221,224,"N",773,"Alive"
"1986",221,"Renton","OR",2025,2025-06-12,139,21.4,"Alive",NA,2022-05-07,221,224,"N",1132,"Alive"
"1987",221,"Renton","OR",2026,2026-04-30,143,18.93,"Alive","yellowing, epicormic sprouting",2022-05-07,221,224,"N",1454,"Alive"
"1988",221,"Renton","WA",2022,2022-05-05,87,9.5,"Alive",NA,2022-05-07,466,233,"N",-2,"Alive"
"1989",221,"Renton","WA",2023,2023-04-12,96,11.6,"Alive",NA,2022-05-07,466,233,"N",340,"Alive"
"1990",221,"Renton","WA",2024,2024-06-18,130,16.8,"Alive",NA,2022-05-07,466,233,"N",773,"Alive"
"1991",221,"Renton","WA",2025,2025-06-12,160,21,"Alive",NA,2022-05-07,466,233,"N",1132,"Alive"
"1992",221,"Renton","WA",2026,2026-04-30,169,29.67,"Alive","browning",2022-05-07,466,233,"N",1454,"Alive"
"1993",222,"Renton","OR",2022,2022-05-05,85,9.4,"Alive",NA,2022-05-07,222,226,"N",-2,"Alive"
"1994",222,"Renton","OR",2023,2023-04-12,103,12.3,"Alive","root crown showing",2022-05-07,222,226,"N",340,"Alive"
"1995",222,"Renton","OR",2024,2024-06-18,144,18.8,"Alive",NA,2022-05-07,222,226,"N",773,"Alive"
"1996",222,"Renton","OR",2025,2025-06-12,171,26.6,"Alive",NA,2022-05-07,222,226,"N",1132,"Alive"
"1997",222,"Renton","OR",2026,2026-04-30,179,50.93,"Alive",NA,2022-05-07,222,226,"N",1454,"Alive"
"1998",222,"Renton","WA",2022,2022-05-05,91,11.5,"Alive",NA,2022-05-07,467,235,"N",-2,"Alive"
"1999",222,"Renton","WA",2023,2023-04-12,90,14,"Alive",NA,2022-05-07,467,235,"N",340,"Alive"
"2000",222,"Renton","WA",2024,2024-06-18,121,17.8,"Alive",NA,2022-05-07,467,235,"N",773,"Alive"
"2001",222,"Renton","WA",2025,2025-06-12,178,30.8,"Alive",NA,2022-05-07,467,235,"N",1132,"Alive"
"2002",222,"Renton","WA",2026,2026-04-30,180,32.85,"Alive",NA,2022-05-07,467,235,"N",1454,"Alive"
"2003",223,"Renton","OR",2022,2022-05-05,58,6.7,"Alive",NA,2022-05-07,223,228,"N",-2,"Dead"
"2004",223,"Renton","OR",2023,2023-04-12,61,16.7,"Alive",NA,2022-05-07,223,228,"N",340,"Dead"
"2005",223,"Renton","OR",2024,2024-06-18,52,13.4,"Alive","No tag, orange flagging, browsed top",2022-05-07,223,228,"Y",773,"Dead"
"2006",223,"Renton","OR",2025,2025-06-12,37,10.6,"Alive","Browsed/browning",2022-05-07,223,228,"Y",1132,"Dead"
"2007",223,"Renton","OR",2026,2026-04-30,NA,NA,"Dead",NA,2022-05-07,223,228,"N",1454,"Dead"
"2008",223,"Renton","WA",2022,2022-05-05,91,9.8,"Alive",NA,2022-05-07,468,234,"N",-2,"Alive"
"2009",223,"Renton","WA",2023,2023-04-12,88,14,"Alive",NA,2022-05-07,468,234,"N",340,"Alive"
"2010",223,"Renton","WA",2024,2024-06-18,116,13.1,"Alive",NA,2022-05-07,468,234,"N",773,"Alive"
"2011",223,"Renton","WA",2025,2025-06-12,152,17.9,"Alive",NA,2022-05-07,468,234,"N",1132,"Alive"
"2012",223,"Renton","WA",2026,2026-04-30,152,20.41,"Alive","mechanical damage",2022-05-07,468,234,"N",1454,"Alive"
"2013",224,"Renton","OR",2022,2022-05-05,75,9.2,"Alive",NA,2022-05-07,224,230,"N",-2,"Alive"
"2014",224,"Renton","OR",2023,2023-04-12,85,11.1,"Alive",NA,2022-05-07,224,230,"N",340,"Alive"
"2015",224,"Renton","OR",2024,2024-06-18,53,13.6,"Alive","browsed top 1/2",2022-05-07,224,230,"Y",773,"Alive"
"2016",224,"Renton","OR",2025,2025-06-12,50,12.1,"Alive","Browsed",2022-05-07,224,230,"Y",1132,"Alive"
"2017",224,"Renton","OR",2026,2026-04-30,64,14.78,"Alive","top eaten, new lead",2022-05-07,224,230,"N",1454,"Alive"
"2018",224,"Renton","WA",2022,2022-05-05,83,9.8,"Alive",NA,2022-05-07,469,237,"N",-2,"Alive"
"2019",224,"Renton","WA",2023,2023-04-12,92,14,"Alive",NA,2022-05-07,469,237,"N",340,"Alive"
"2020",224,"Renton","WA",2024,2024-06-18,108,15.2,"Alive",NA,2022-05-07,469,237,"N",773,"Alive"
"2021",224,"Renton","WA",2025,2025-06-12,142,24,"Alive",NA,2022-05-07,469,237,"N",1132,"Alive"
"2022",224,"Renton","WA",2026,2026-04-30,145,24.99,"Alive",NA,2022-05-07,469,237,"N",1454,"Alive"
"2023",225,"Renton","OR",2022,2022-05-05,83.5,10,"Alive",NA,2022-05-07,225,231,"N",-2,"Alive"
"2024",225,"Renton","OR",2023,2023-04-12,89,14.1,"Alive",NA,2022-05-07,225,231,"N",340,"Alive"
"2025",225,"Renton","OR",2024,2024-06-18,118,15.1,"Alive",NA,2022-05-07,225,231,"N",773,"Alive"
"2026",225,"Renton","OR",2025,2025-06-12,158,21.4,"Alive",NA,2022-05-07,225,231,"N",1132,"Alive"
"2027",225,"Renton","OR",2026,2026-04-30,171,28.39,"Alive",NA,2022-05-07,225,231,"N",1454,"Alive"
"2028",225,"Renton","WA",2022,2022-05-05,89,9.4,"Alive",NA,2022-05-07,470,238,"N",-2,"Alive"
"2029",225,"Renton","WA",2023,2023-04-12,110,17.7,"Alive",NA,2022-05-07,470,238,"N",340,"Alive"
"2030",225,"Renton","WA",2024,2024-06-18,133,18.4,"Alive",NA,2022-05-07,470,238,"N",773,"Alive"
"2031",225,"Renton","WA",2025,2025-06-12,158,23,"Alive","Yellowing",2022-05-07,470,238,"N",1132,"Alive"
"2032",225,"Renton","WA",2026,2026-04-30,178,27.03,"Alive",NA,2022-05-07,470,238,"N",1454,"Alive"
"2033",226,"Renton","OR",2022,2022-05-05,76,8.6,"Alive",NA,2022-05-07,226,236,"N",-2,"Alive"
"2034",226,"Renton","OR",2023,2023-04-12,82,13.2,"Alive",NA,2022-05-07,226,236,"N",340,"Alive"
"2035",226,"Renton","OR",2024,2024-06-18,47,14.8,"Alive","Browsed top half",2022-05-07,226,236,"Y",773,"Alive"
"2036",226,"Renton","OR",2025,2025-06-12,51,18.4,"Alive","Browsed",2022-05-07,226,236,"Y",1132,"Alive"
"2037",226,"Renton","OR",2026,2026-04-30,59,15.42,"Alive","top eaten, new lead, epicormic sprouting, bring metal wire for top",2022-05-07,226,236,"N",1454,"Alive"
"2038",NA,"Tomanamus","WA",2024,2024-07-18,85,14.8,"Alive",NA,NA,NA,464,"N",NA,"Alive"
"2039",NA,"Tomanamus","WA",2024,2024-07-18,104,14.6,"Alive",NA,NA,NA,301,"N",NA,"Alive"
"2040",NA,"Tomanamus","WA",2024,2024-07-18,110,11.7,"Alive","Browsed",NA,NA,302,"Y",NA,"Alive"
"2041",NA,"Tomanamus","WA",2024,2024-07-18,65,11.8,"Alive","Browsed",NA,NA,303,"Y",NA,"Alive"
"2042",NA,"Tomanamus","WA",2024,2024-07-18,100,15.5,"Alive","Top and Sides browsed",NA,NA,306,"Y",NA,"Alive"
"2043",NA,"Tomanamus","WA",2024,2024-07-18,65,14,"Alive","Browsed",NA,NA,307,"Y",NA,"Alive"
"2044",NA,"Tomanamus","WA",2024,2024-07-18,151,14.5,"Alive",NA,NA,NA,311,"N",NA,"Alive"
"2045",NA,"Tomanamus","WA",2025,2025-07-31,116,20,"Alive","browsed, middle section empty",NA,NA,301,"Y",NA,"Alive"
"2046",NA,"Tomanamus","WA",2025,2025-07-31,126,11.5,"Alive","browsed, dieback",NA,NA,302,"Y",NA,"Alive"
"2047",NA,"Tomanamus","WA",2025,2025-07-31,74,13.5,"Alive","browsed",NA,NA,303,"Y",NA,"Alive"
"2048",NA,"Tomanamus","WA",2025,2025-07-31,147,20.1,"Alive","flagging, dead leaves",NA,NA,305,"N",NA,"Alive"
"2049",NA,"Tomanamus","WA",2025,2025-07-31,116,18.7,"Alive","missing tag",NA,NA,306,"N",NA,"Alive"
"2050",NA,"Tomanamus","WA",2025,2025-07-31,70,14.5,"Alive","badly browsed",NA,NA,307,"Y",NA,"Alive"
"2051",NA,"Tomanamus","WA",2025,2025-07-31,164,27.1,"Alive","dieback, flagging",NA,NA,311,"N",NA,"Alive"
"2052",NA,"Tomanamus","WA",2025,2025-07-31,100,22.8,"Alive",NA,NA,NA,464,"N",NA,"Alive"
